/*
 Navicat Premium Dump SQL

 Source Server         : 本机localhost
 Source Server Type    : MySQL
 Source Server Version : 100432 (10.4.32-MariaDB)
 Source Host           : localhost:3306
 Source Schema         : hotel_kds

 Target Server Type    : MySQL
 Target Server Version : 100432 (10.4.32-MariaDB)
 File Encoding         : 65001

 Date: 10/12/2025 13:52:18
*/

SET NAMES utf8mb4;
SET FOREIGN_KEY_CHECKS = 0;

-- ----------------------------
-- Table structure for chefs
-- ----------------------------
DROP TABLE IF EXISTS `chefs`;
CREATE TABLE `chefs`  (
  `id` int UNSIGNED NOT NULL AUTO_INCREMENT,
  `username` varchar(50) CHARACTER SET utf8mb4 COLLATE utf8mb4_general_ci NOT NULL DEFAULT '' COMMENT '账号',
  `password` varchar(255) CHARACTER SET utf8mb4 COLLATE utf8mb4_general_ci NOT NULL DEFAULT '' COMMENT '密码',
  `nickname` varchar(50) CHARACTER SET utf8mb4 COLLATE utf8mb4_general_ci NOT NULL DEFAULT '' COMMENT '昵称',
  `status` tinyint UNSIGNED NOT NULL DEFAULT 1 COMMENT '状态：1、正常；2、离职',
  `advice` varchar(255) CHARACTER SET utf8mb4 COLLATE utf8mb4_general_ci NOT NULL DEFAULT '' COMMENT '备注',
  `created_at` datetime NOT NULL,
  `updated_at` datetime NOT NULL,
  `deleted_at` datetime NULL DEFAULT NULL,
  PRIMARY KEY (`id`) USING BTREE
) ENGINE = InnoDB AUTO_INCREMENT = 18 CHARACTER SET = utf8mb4 COLLATE = utf8mb4_general_ci;

-- ----------------------------
-- Records of chefs
-- ----------------------------
INSERT INTO `chefs` VALUES (1, 'test', 'scrypt:32768:8:1$kY4MM7tCjLoLkc0r$e8adbe80d6dc56b0eb8a58e198a5fc8c4ab45329bab12ae473dc9f05849b09fcd6afa9da5b8e6d4f8c0f93156013c638776c72482ed634e190bcd91cf7dbdb7f', 'test', 1, 'test', '2025-12-04 09:36:41', '2025-12-04 09:36:41', NULL);
INSERT INTO `chefs` VALUES (NULL, 'K025C1001', 'scrypt:32768:8:1$kqv0Rs5lc68Ep5IF$9c928ff0057d81a8c89237011615e0efc49fd8f8d1c82fcd7a880ed3b7acdb9147969f28e25aaeb088df689f1065eedc85303ff53824af1d326b5fdf7dbc68ab', '笠井 満生', 1, '', '2025-12-10 13:37:30', '2025-12-10 13:37:30', NULL);
INSERT INTO `chefs` VALUES (NULL, 'K025C1003', 'scrypt:32768:8:1$CbGkJX4fgjCJKl30$75f846f2c8ebdcba30ff01829e581dec4fafce8dcef7faf4eeec9137208aca4a245592b07c05aa2473c18d005b95cbe574a96972c0c8735e962db9dd1197bf0c', '袴田 染莉', 1, '', '2025-12-10 13:37:50', '2025-12-10 13:37:50', NULL);
INSERT INTO `chefs` VALUES (NULL, 'K025C1005', 'scrypt:32768:8:1$5B1y4YW55vkpznlz$5e5be2144bc1e89439cf34427b5e283a166efabc29cacfba3f1f47dbad07184872e41b959be4db50db114e7a09f25b99d6982864d055f53f18c09131eddb91fd', '茅根 翔太', 1, '', '2025-12-10 13:38:12', '2025-12-10 13:38:12', NULL);
INSERT INTO `chefs` VALUES (NULL, 'K025C1007', 'scrypt:32768:8:1$q3roMF2vHc1zs5lY$db12b628a2318e9ae020bb22eaed75614f16f3b63390cfbecb2150220a81efeb093670c8add60cbf6fd428c4b35be188136d8448e737da47f1e9e8aac86ac72e', 'キョウ ケン', 1, '', '2025-12-10 13:38:30', '2025-12-10 13:38:30', NULL);
INSERT INTO `chefs` VALUES (NULL, 'K025C1009', 'scrypt:32768:8:1$phIOg6EuTGR6WNxt$e4fdf352265f3370a13e9c498608dd245921af43215627d368bb1eaa563debab4ed610d01ad693176ef4848a61885477184bfa9e83970b2f60e04a875387f799', 'トウ ドウヨウ', 1, '', '2025-12-10 13:38:51', '2025-12-10 13:38:51', NULL);

-- ----------------------------
-- Table structure for foods
-- ----------------------------
DROP TABLE IF EXISTS `foods`;
CREATE TABLE `foods`  (
  `id` int UNSIGNED NOT NULL AUTO_INCREMENT COMMENT '菜品ID',
  `name` varchar(100) CHARACTER SET utf8mb4 COLLATE utf8mb4_general_ci NOT NULL DEFAULT '' COMMENT '菜品名称',
  `category` varchar(50) CHARACTER SET utf8mb4 COLLATE utf8mb4_general_ci NOT NULL DEFAULT '' COMMENT '菜品分类，例如海鲜、水果、甜点',
  `weight` int UNSIGNED NOT NULL DEFAULT 0 COMMENT '初始份量',
  `decay_rate` int UNSIGNED NOT NULL DEFAULT 0 COMMENT '每次衰减量或每秒/每分钟消耗量',
  `warning_threshold` int UNSIGNED NOT NULL DEFAULT 0 COMMENT '警告阈值，低于此值亮黄灯',
  `critical_threshold` int UNSIGNED NOT NULL DEFAULT 0 COMMENT '紧急阈值，低于此值亮红灯',
  `status` tinyint UNSIGNED NOT NULL DEFAULT 0 COMMENT '状态',
  `created_at` datetime NOT NULL COMMENT '创建时间',
  `updated_at` datetime NOT NULL COMMENT '更新时间',
  `deleted_at` datetime NULL DEFAULT NULL COMMENT '删除时间',
  PRIMARY KEY (`id`) USING BTREE
) ENGINE = InnoDB AUTO_INCREMENT = 41 CHARACTER SET = utf8mb4 COLLATE = utf8mb4_general_ci COMMENT = '厨房KDS菜单表';

-- ----------------------------
-- Records of foods
-- ----------------------------
INSERT INTO `foods` VALUES (1, 'サーモン刺身', '海鮮', 100, 5, 30, 10, 1, '2025-12-07 10:53:03', '2025-12-07 10:53:03', NULL);
INSERT INTO `foods` VALUES (2, 'マグロ寿司', '海鮮', 90, 4, 25, 8, 1, '2025-12-07 10:53:03', '2025-12-07 10:53:03', NULL);
INSERT INTO `foods` VALUES (3, 'エビ天ぷら', '海鮮', 80, 3, 20, 8, 1, '2025-12-07 10:53:03', '2025-12-07 10:53:03', NULL);
INSERT INTO `foods` VALUES (4, 'ホタテバター焼き', '海鮮', 100, 4, 30, 10, 1, '2025-12-07 10:53:03', '2025-12-07 10:53:03', NULL);
INSERT INTO `foods` VALUES (5, 'イカ焼き', '海鮮', 90, 3, 25, 10, 1, '2025-12-07 10:53:03', '2025-12-07 10:53:03', NULL);
INSERT INTO `foods` VALUES (6, '牛肉すき焼き', '肉類', 120, 4, 40, 15, 1, '2025-12-07 10:53:03', '2025-12-07 10:53:03', NULL);
INSERT INTO `foods` VALUES (7, '照り焼きチキン', '肉類', 100, 3, 30, 10, 1, '2025-12-07 10:53:03', '2025-12-07 10:53:03', NULL);
INSERT INTO `foods` VALUES (8, '豚カツ', '肉類', 90, 3, 25, 8, 1, '2025-12-07 10:53:03', '2025-12-07 10:53:03', NULL);
INSERT INTO `foods` VALUES (9, 'ハンバーグ', '肉類', 110, 4, 35, 10, 1, '2025-12-07 10:53:03', '2025-12-07 10:53:03', NULL);
INSERT INTO `foods` VALUES (10, '焼き鳥', '肉類', 80, 3, 20, 8, 1, '2025-12-07 10:53:03', '2025-12-07 10:53:03', NULL);
INSERT INTO `foods` VALUES (11, 'うな重', '主食', 120, 3, 40, 15, 1, '2025-12-07 10:53:03', '2025-12-07 10:53:03', NULL);
INSERT INTO `foods` VALUES (12, 'カツ丼', '主食', 110, 3, 35, 12, 1, '2025-12-07 10:53:03', '2025-12-07 10:53:03', NULL);
INSERT INTO `foods` VALUES (13, '親子丼', '主食', 100, 3, 30, 10, 1, '2025-12-07 10:53:03', '2025-12-07 10:53:03', NULL);
INSERT INTO `foods` VALUES (14, 'カレーライス', '主食', 130, 4, 40, 15, 1, '2025-12-07 10:53:03', '2025-12-07 10:53:03', NULL);
INSERT INTO `foods` VALUES (15, 'チャーハン', '主食', 110, 3, 35, 10, 1, '2025-12-07 10:53:03', '2025-12-07 10:53:03', NULL);
INSERT INTO `foods` VALUES (16, '味噌汁', 'スープ', 60, 2, 20, 5, 1, '2025-12-07 10:53:03', '2025-12-07 10:53:03', NULL);
INSERT INTO `foods` VALUES (17, '豚汁', 'スープ', 70, 2, 25, 8, 1, '2025-12-07 10:53:03', '2025-12-07 10:53:03', NULL);
INSERT INTO `foods` VALUES (18, 'わかめスープ', 'スープ', 50, 1, 15, 5, 1, '2025-12-07 10:53:03', '2025-12-07 10:53:03', NULL);
INSERT INTO `foods` VALUES (19, '豆腐のすまし汁', 'スープ', 55, 1, 18, 6, 1, '2025-12-07 10:53:03', '2025-12-07 10:53:03', NULL);
INSERT INTO `foods` VALUES (20, 'かに汁', 'スープ', 65, 2, 22, 8, 1, '2025-12-07 10:53:03', '2025-12-07 10:53:03', NULL);
INSERT INTO `foods` VALUES (21, '抹茶プリン', 'デザート', 50, 1, 15, 5, 1, '2025-12-07 10:53:03', '2025-12-07 10:53:03', NULL);
INSERT INTO `foods` VALUES (22, 'チーズケーキ', 'デザート', 60, 1, 20, 8, 1, '2025-12-07 10:53:03', '2025-12-07 10:53:03', NULL);
INSERT INTO `foods` VALUES (23, 'みたらし団子', 'デザート', 55, 1, 18, 6, 1, '2025-12-07 10:53:03', '2025-12-07 10:53:03', NULL);
INSERT INTO `foods` VALUES (24, 'わらび餅', 'デザート', 50, 1, 15, 5, 1, '2025-12-07 10:53:03', '2025-12-07 10:53:03', NULL);
INSERT INTO `foods` VALUES (25, 'あんみつ', 'デザート', 70, 1, 25, 10, 1, '2025-12-07 10:53:03', '2025-12-07 10:53:03', NULL);
INSERT INTO `foods` VALUES (26, 'りんご', 'フルーツ', 80, 1, 25, 10, 1, '2025-12-07 10:53:03', '2025-12-07 10:53:03', NULL);
INSERT INTO `foods` VALUES (27, 'バナナ', 'フルーツ', 90, 2, 30, 10, 1, '2025-12-07 10:53:03', '2025-12-07 10:53:03', NULL);
INSERT INTO `foods` VALUES (28, 'ぶどう', 'フルーツ', 70, 1, 20, 8, 1, '2025-12-07 10:53:03', '2025-12-07 10:53:03', NULL);
INSERT INTO `foods` VALUES (29, 'みかん', 'フルーツ', 80, 1, 25, 10, 1, '2025-12-07 10:53:03', '2025-12-07 10:53:03', NULL);
INSERT INTO `foods` VALUES (30, 'いちご', 'フルーツ', 60, 1, 18, 6, 1, '2025-12-07 10:53:03', '2025-12-07 10:53:03', NULL);
INSERT INTO `foods` VALUES (31, 'キウイ', 'フルーツ', 70, 1, 22, 8, 1, '2025-12-07 10:53:03', '2025-12-07 10:53:03', NULL);
INSERT INTO `foods` VALUES (32, 'パイナップル', 'フルーツ', 100, 2, 30, 10, 1, '2025-12-07 10:53:03', '2025-12-07 10:53:03', NULL);
INSERT INTO `foods` VALUES (33, 'メロン', 'フルーツ', 90, 2, 30, 12, 1, '2025-12-07 10:53:03', '2025-12-07 10:53:03', NULL);
INSERT INTO `foods` VALUES (34, 'スイカ', 'フルーツ', 120, 2, 35, 15, 1, '2025-12-07 10:53:03', '2025-12-07 10:53:03', NULL);
INSERT INTO `foods` VALUES (35, 'マンゴー', 'フルーツ', 80, 2, 25, 10, 1, '2025-12-07 10:53:03', '2025-12-07 10:53:03', NULL);
INSERT INTO `foods` VALUES (36, 'たこ焼き', '軽食', 70, 3, 20, 8, 1, '2025-12-07 10:53:03', '2025-12-07 10:53:03', NULL);
INSERT INTO `foods` VALUES (37, 'おにぎり', '軽食', 90, 2, 25, 10, 1, '2025-12-07 10:53:03', '2025-12-07 10:53:03', NULL);
INSERT INTO `foods` VALUES (38, 'コロッケ', '軽食', 80, 2, 25, 8, 1, '2025-12-07 10:53:03', '2025-12-07 10:53:03', NULL);
INSERT INTO `foods` VALUES (39, 'ポテトフライ', '軽食', 100, 3, 30, 10, 1, '2025-12-07 10:53:03', '2025-12-07 10:53:03', NULL);
INSERT INTO `foods` VALUES (40, '唐揚げ', '軽食', 90, 3, 25, 10, 1, '2025-12-07 10:53:03', '2025-12-07 10:53:03', NULL);

-- ----------------------------
-- Table structure for today_foods
-- ----------------------------
DROP TABLE IF EXISTS `today_foods`;
CREATE TABLE `today_foods`  (
  `id` int UNSIGNED NOT NULL AUTO_INCREMENT,
  `food_id` int UNSIGNED NOT NULL DEFAULT 0 COMMENT '食品id',
  `total_weight` int UNSIGNED NOT NULL DEFAULT 0 COMMENT '累计重量',
  `current_weight` int UNSIGNED NOT NULL DEFAULT 0 COMMENT '剩余重量',
  `record_date` date NOT NULL COMMENT '当天日期',
  `status` tinyint UNSIGNED NOT NULL DEFAULT 1 COMMENT '1、上架；2、下架',
  `remain` tinyint UNSIGNED NOT NULL DEFAULT 0 COMMENT '剩余量状态：0、正常；1、警告；2、危险；3、卖完；',
  `created_at` datetime NOT NULL,
  `updated_at` datetime NOT NULL,
  `deleted_at` datetime NULL DEFAULT NULL,
  PRIMARY KEY (`id`) USING BTREE
) ENGINE = InnoDB AUTO_INCREMENT = 968 CHARACTER SET = utf8mb4 COLLATE = utf8mb4_general_ci;

-- ----------------------------
-- Records of today_foods
-- ----------------------------
INSERT INTO `today_foods` VALUES (1, 35, 1495, 10, '2025-11-05', 1, 0, '2025-11-05 10:00:00', '2025-11-05 10:00:00', NULL);
INSERT INTO `today_foods` VALUES (2, 1, 1162, 16, '2025-11-05', 1, 0, '2025-11-05 10:00:00', '2025-11-05 10:00:00', NULL);
INSERT INTO `today_foods` VALUES (3, 2, 872, 29, '2025-11-05', 1, 0, '2025-11-05 10:00:00', '2025-11-05 10:00:00', NULL);
INSERT INTO `today_foods` VALUES (4, 2, 1506, 10, '2025-11-05', 1, 0, '2025-11-05 10:00:00', '2025-11-05 10:00:00', NULL);
INSERT INTO `today_foods` VALUES (5, 40, 1323, 17, '2025-11-05', 1, 0, '2025-11-05 10:00:00', '2025-11-05 10:00:00', NULL);
INSERT INTO `today_foods` VALUES (6, 17, 879, 27, '2025-11-05', 1, 0, '2025-11-05 10:00:00', '2025-11-05 10:00:00', NULL);
INSERT INTO `today_foods` VALUES (7, 20, 1215, 13, '2025-11-05', 1, 0, '2025-11-05 10:00:00', '2025-11-05 10:00:00', NULL);
INSERT INTO `today_foods` VALUES (8, 8, 1384, 16, '2025-11-05', 1, 0, '2025-11-05 10:00:00', '2025-11-05 10:00:00', NULL);
INSERT INTO `today_foods` VALUES (9, 2, 1335, 26, '2025-11-05', 1, 0, '2025-11-05 10:00:00', '2025-11-05 10:00:00', NULL);
INSERT INTO `today_foods` VALUES (10, 34, 401, 13, '2025-11-05', 1, 0, '2025-11-05 10:00:00', '2025-11-05 10:00:00', NULL);
INSERT INTO `today_foods` VALUES (11, 2, 390, 29, '2025-11-05', 1, 0, '2025-11-05 10:00:00', '2025-11-05 10:00:00', NULL);
INSERT INTO `today_foods` VALUES (12, 37, 1703, 24, '2025-11-05', 1, 0, '2025-11-05 10:00:00', '2025-11-05 10:00:00', NULL);
INSERT INTO `today_foods` VALUES (13, 1, 1209, 29, '2025-11-05', 1, 0, '2025-11-05 10:00:00', '2025-11-05 10:00:00', NULL);
INSERT INTO `today_foods` VALUES (14, 17, 542, 14, '2025-11-05', 1, 0, '2025-11-05 10:00:00', '2025-11-05 10:00:00', NULL);
INSERT INTO `today_foods` VALUES (15, 24, 729, 16, '2025-11-05', 1, 0, '2025-11-05 10:00:00', '2025-11-05 10:00:00', NULL);
INSERT INTO `today_foods` VALUES (16, 17, 1402, 30, '2025-11-05', 1, 0, '2025-11-05 10:00:00', '2025-11-05 10:00:00', NULL);
INSERT INTO `today_foods` VALUES (17, 5, 413, 10, '2025-11-05', 1, 0, '2025-11-05 10:00:00', '2025-11-05 10:00:00', NULL);
INSERT INTO `today_foods` VALUES (18, 31, 1059, 29, '2025-11-05', 1, 0, '2025-11-05 10:00:00', '2025-11-05 10:00:00', NULL);
INSERT INTO `today_foods` VALUES (19, 32, 1192, 30, '2025-11-05', 1, 0, '2025-11-05 10:00:00', '2025-11-05 10:00:00', NULL);
INSERT INTO `today_foods` VALUES (20, 17, 1676, 18, '2025-11-05', 1, 0, '2025-11-05 10:00:00', '2025-11-05 10:00:00', NULL);
INSERT INTO `today_foods` VALUES (21, 33, 1366, 25, '2025-11-05', 1, 0, '2025-11-05 10:00:00', '2025-11-05 10:00:00', NULL);
INSERT INTO `today_foods` VALUES (22, 33, 1387, 20, '2025-11-05', 1, 0, '2025-11-05 10:00:00', '2025-11-05 10:00:00', NULL);
INSERT INTO `today_foods` VALUES (23, 14, 740, 25, '2025-11-05', 1, 0, '2025-11-05 10:00:00', '2025-11-05 10:00:00', NULL);
INSERT INTO `today_foods` VALUES (24, 33, 1828, 18, '2025-11-05', 1, 0, '2025-11-05 10:00:00', '2025-11-05 10:00:00', NULL);
INSERT INTO `today_foods` VALUES (25, 33, 660, 26, '2025-11-06', 1, 0, '2025-11-06 10:00:00', '2025-11-06 10:00:00', NULL);
INSERT INTO `today_foods` VALUES (26, 36, 932, 24, '2025-11-06', 1, 0, '2025-11-06 10:00:00', '2025-11-06 10:00:00', NULL);
INSERT INTO `today_foods` VALUES (27, 23, 1684, 14, '2025-11-06', 1, 0, '2025-11-06 10:00:00', '2025-11-06 10:00:00', NULL);
INSERT INTO `today_foods` VALUES (28, 36, 1252, 16, '2025-11-06', 1, 0, '2025-11-06 10:00:00', '2025-11-06 10:00:00', NULL);
INSERT INTO `today_foods` VALUES (29, 9, 1084, 23, '2025-11-06', 1, 0, '2025-11-06 10:00:00', '2025-11-06 10:00:00', NULL);
INSERT INTO `today_foods` VALUES (30, 12, 869, 30, '2025-11-06', 1, 0, '2025-11-06 10:00:00', '2025-11-06 10:00:00', NULL);
INSERT INTO `today_foods` VALUES (31, 16, 1893, 21, '2025-11-06', 1, 0, '2025-11-06 10:00:00', '2025-11-06 10:00:00', NULL);
INSERT INTO `today_foods` VALUES (32, 35, 1443, 20, '2025-11-06', 1, 0, '2025-11-06 10:00:00', '2025-11-06 10:00:00', NULL);
INSERT INTO `today_foods` VALUES (33, 3, 1491, 27, '2025-11-06', 1, 0, '2025-11-06 10:00:00', '2025-11-06 10:00:00', NULL);
INSERT INTO `today_foods` VALUES (34, 23, 1615, 13, '2025-11-06', 1, 0, '2025-11-06 10:00:00', '2025-11-06 10:00:00', NULL);
INSERT INTO `today_foods` VALUES (35, 25, 861, 27, '2025-11-06', 1, 0, '2025-11-06 10:00:00', '2025-11-06 10:00:00', NULL);
INSERT INTO `today_foods` VALUES (36, 2, 557, 30, '2025-11-06', 1, 0, '2025-11-06 10:00:00', '2025-11-06 10:00:00', NULL);
INSERT INTO `today_foods` VALUES (37, 3, 1127, 24, '2025-11-06', 1, 0, '2025-11-06 10:00:00', '2025-11-06 10:00:00', NULL);
INSERT INTO `today_foods` VALUES (38, 22, 802, 17, '2025-11-06', 1, 0, '2025-11-06 10:00:00', '2025-11-06 10:00:00', NULL);
INSERT INTO `today_foods` VALUES (39, 3, 314, 25, '2025-11-06', 1, 0, '2025-11-06 10:00:00', '2025-11-06 10:00:00', NULL);
INSERT INTO `today_foods` VALUES (40, 39, 603, 13, '2025-11-06', 1, 0, '2025-11-06 10:00:00', '2025-11-06 10:00:00', NULL);
INSERT INTO `today_foods` VALUES (41, 3, 503, 22, '2025-11-06', 1, 0, '2025-11-06 10:00:00', '2025-11-06 10:00:00', NULL);
INSERT INTO `today_foods` VALUES (42, 7, 723, 21, '2025-11-06', 1, 0, '2025-11-06 10:00:00', '2025-11-06 10:00:00', NULL);
INSERT INTO `today_foods` VALUES (43, 12, 1723, 23, '2025-11-06', 1, 0, '2025-11-06 10:00:00', '2025-11-06 10:00:00', NULL);
INSERT INTO `today_foods` VALUES (44, 31, 1781, 28, '2025-11-06', 1, 0, '2025-11-06 10:00:00', '2025-11-06 10:00:00', NULL);
INSERT INTO `today_foods` VALUES (45, 1, 629, 16, '2025-11-06', 1, 0, '2025-11-06 10:00:00', '2025-11-06 10:00:00', NULL);
INSERT INTO `today_foods` VALUES (46, 14, 726, 13, '2025-11-06', 1, 0, '2025-11-06 10:00:00', '2025-11-06 10:00:00', NULL);
INSERT INTO `today_foods` VALUES (47, 2, 1635, 29, '2025-11-06', 1, 0, '2025-11-06 10:00:00', '2025-11-06 10:00:00', NULL);
INSERT INTO `today_foods` VALUES (48, 24, 1626, 21, '2025-11-06', 1, 0, '2025-11-06 10:00:00', '2025-11-06 10:00:00', NULL);
INSERT INTO `today_foods` VALUES (49, 11, 790, 14, '2025-11-06', 1, 0, '2025-11-06 10:00:00', '2025-11-06 10:00:00', NULL);
INSERT INTO `today_foods` VALUES (50, 19, 361, 30, '2025-11-07', 1, 0, '2025-11-07 10:00:00', '2025-11-07 10:00:00', NULL);
INSERT INTO `today_foods` VALUES (51, 11, 948, 24, '2025-11-07', 1, 0, '2025-11-07 10:00:00', '2025-11-07 10:00:00', NULL);
INSERT INTO `today_foods` VALUES (52, 27, 1633, 19, '2025-11-07', 1, 0, '2025-11-07 10:00:00', '2025-11-07 10:00:00', NULL);
INSERT INTO `today_foods` VALUES (53, 14, 1613, 18, '2025-11-07', 1, 0, '2025-11-07 10:00:00', '2025-11-07 10:00:00', NULL);
INSERT INTO `today_foods` VALUES (54, 39, 1754, 25, '2025-11-07', 1, 0, '2025-11-07 10:00:00', '2025-11-07 10:00:00', NULL);
INSERT INTO `today_foods` VALUES (55, 14, 1441, 14, '2025-11-07', 1, 0, '2025-11-07 10:00:00', '2025-11-07 10:00:00', NULL);
INSERT INTO `today_foods` VALUES (56, 36, 1284, 15, '2025-11-07', 1, 0, '2025-11-07 10:00:00', '2025-11-07 10:00:00', NULL);
INSERT INTO `today_foods` VALUES (57, 35, 1536, 21, '2025-11-07', 1, 0, '2025-11-07 10:00:00', '2025-11-07 10:00:00', NULL);
INSERT INTO `today_foods` VALUES (58, 7, 1122, 18, '2025-11-07', 1, 0, '2025-11-07 10:00:00', '2025-11-07 10:00:00', NULL);
INSERT INTO `today_foods` VALUES (59, 35, 308, 29, '2025-11-07', 1, 0, '2025-11-07 10:00:00', '2025-11-07 10:00:00', NULL);
INSERT INTO `today_foods` VALUES (60, 10, 710, 24, '2025-11-07', 1, 0, '2025-11-07 10:00:00', '2025-11-07 10:00:00', NULL);
INSERT INTO `today_foods` VALUES (61, 20, 550, 18, '2025-11-07', 1, 0, '2025-11-07 10:00:00', '2025-11-07 10:00:00', NULL);
INSERT INTO `today_foods` VALUES (62, 37, 969, 21, '2025-11-07', 1, 0, '2025-11-07 10:00:00', '2025-11-07 10:00:00', NULL);
INSERT INTO `today_foods` VALUES (63, 33, 848, 11, '2025-11-07', 1, 0, '2025-11-07 10:00:00', '2025-11-07 10:00:00', NULL);
INSERT INTO `today_foods` VALUES (64, 17, 1118, 17, '2025-11-07', 1, 0, '2025-11-07 10:00:00', '2025-11-07 10:00:00', NULL);
INSERT INTO `today_foods` VALUES (65, 2, 1361, 26, '2025-11-07', 1, 0, '2025-11-07 10:00:00', '2025-11-07 10:00:00', NULL);
INSERT INTO `today_foods` VALUES (66, 9, 1042, 21, '2025-11-07', 1, 0, '2025-11-07 10:00:00', '2025-11-07 10:00:00', NULL);
INSERT INTO `today_foods` VALUES (67, 22, 1783, 23, '2025-11-07', 1, 0, '2025-11-07 10:00:00', '2025-11-07 10:00:00', NULL);
INSERT INTO `today_foods` VALUES (68, 21, 1689, 11, '2025-11-07', 1, 0, '2025-11-07 10:00:00', '2025-11-07 10:00:00', NULL);
INSERT INTO `today_foods` VALUES (69, 33, 1576, 27, '2025-11-07', 1, 0, '2025-11-07 10:00:00', '2025-11-07 10:00:00', NULL);
INSERT INTO `today_foods` VALUES (70, 2, 1109, 16, '2025-11-07', 1, 0, '2025-11-07 10:00:00', '2025-11-07 10:00:00', NULL);
INSERT INTO `today_foods` VALUES (71, 35, 387, 27, '2025-11-07', 1, 0, '2025-11-07 10:00:00', '2025-11-07 10:00:00', NULL);
INSERT INTO `today_foods` VALUES (72, 14, 1887, 15, '2025-11-07', 1, 0, '2025-11-07 10:00:00', '2025-11-07 10:00:00', NULL);
INSERT INTO `today_foods` VALUES (73, 22, 540, 16, '2025-11-07', 1, 0, '2025-11-07 10:00:00', '2025-11-07 10:00:00', NULL);
INSERT INTO `today_foods` VALUES (74, 38, 1269, 23, '2025-11-07', 1, 0, '2025-11-07 10:00:00', '2025-11-07 10:00:00', NULL);
INSERT INTO `today_foods` VALUES (75, 34, 1648, 23, '2025-11-07', 1, 0, '2025-11-07 10:00:00', '2025-11-07 10:00:00', NULL);
INSERT INTO `today_foods` VALUES (76, 14, 472, 23, '2025-11-07', 1, 0, '2025-11-07 10:00:00', '2025-11-07 10:00:00', NULL);
INSERT INTO `today_foods` VALUES (77, 18, 1234, 18, '2025-11-07', 1, 0, '2025-11-07 10:00:00', '2025-11-07 10:00:00', NULL);
INSERT INTO `today_foods` VALUES (78, 2, 1468, 22, '2025-11-07', 1, 0, '2025-11-07 10:00:00', '2025-11-07 10:00:00', NULL);
INSERT INTO `today_foods` VALUES (79, 7, 1140, 20, '2025-11-08', 1, 0, '2025-11-08 10:00:00', '2025-11-08 10:00:00', NULL);
INSERT INTO `today_foods` VALUES (80, 21, 1341, 24, '2025-11-08', 1, 0, '2025-11-08 10:00:00', '2025-11-08 10:00:00', NULL);
INSERT INTO `today_foods` VALUES (81, 38, 1922, 24, '2025-11-08', 1, 0, '2025-11-08 10:00:00', '2025-11-08 10:00:00', NULL);
INSERT INTO `today_foods` VALUES (82, 21, 947, 25, '2025-11-08', 1, 0, '2025-11-08 10:00:00', '2025-11-08 10:00:00', NULL);
INSERT INTO `today_foods` VALUES (83, 12, 676, 19, '2025-11-08', 1, 0, '2025-11-08 10:00:00', '2025-11-08 10:00:00', NULL);
INSERT INTO `today_foods` VALUES (84, 37, 529, 11, '2025-11-08', 1, 0, '2025-11-08 10:00:00', '2025-11-08 10:00:00', NULL);
INSERT INTO `today_foods` VALUES (85, 25, 808, 17, '2025-11-08', 1, 0, '2025-11-08 10:00:00', '2025-11-08 10:00:00', NULL);
INSERT INTO `today_foods` VALUES (86, 15, 804, 28, '2025-11-08', 1, 0, '2025-11-08 10:00:00', '2025-11-08 10:00:00', NULL);
INSERT INTO `today_foods` VALUES (87, 2, 585, 21, '2025-11-08', 1, 0, '2025-11-08 10:00:00', '2025-11-08 10:00:00', NULL);
INSERT INTO `today_foods` VALUES (88, 29, 724, 18, '2025-11-08', 1, 0, '2025-11-08 10:00:00', '2025-11-08 10:00:00', NULL);
INSERT INTO `today_foods` VALUES (89, 16, 1815, 29, '2025-11-08', 1, 0, '2025-11-08 10:00:00', '2025-11-08 10:00:00', NULL);
INSERT INTO `today_foods` VALUES (90, 40, 1367, 24, '2025-11-08', 1, 0, '2025-11-08 10:00:00', '2025-11-08 10:00:00', NULL);
INSERT INTO `today_foods` VALUES (91, 31, 1919, 19, '2025-11-08', 1, 0, '2025-11-08 10:00:00', '2025-11-08 10:00:00', NULL);
INSERT INTO `today_foods` VALUES (92, 40, 1265, 13, '2025-11-08', 1, 0, '2025-11-08 10:00:00', '2025-11-08 10:00:00', NULL);
INSERT INTO `today_foods` VALUES (93, 6, 1913, 14, '2025-11-08', 1, 0, '2025-11-08 10:00:00', '2025-11-08 10:00:00', NULL);
INSERT INTO `today_foods` VALUES (94, 18, 1843, 25, '2025-11-08', 1, 0, '2025-11-08 10:00:00', '2025-11-08 10:00:00', NULL);
INSERT INTO `today_foods` VALUES (95, 3, 1412, 19, '2025-11-08', 1, 0, '2025-11-08 10:00:00', '2025-11-08 10:00:00', NULL);
INSERT INTO `today_foods` VALUES (96, 22, 1578, 12, '2025-11-08', 1, 0, '2025-11-08 10:00:00', '2025-11-08 10:00:00', NULL);
INSERT INTO `today_foods` VALUES (97, 13, 1243, 15, '2025-11-08', 1, 0, '2025-11-08 10:00:00', '2025-11-08 10:00:00', NULL);
INSERT INTO `today_foods` VALUES (98, 13, 603, 29, '2025-11-08', 1, 0, '2025-11-08 10:00:00', '2025-11-08 10:00:00', NULL);
INSERT INTO `today_foods` VALUES (99, 12, 1577, 15, '2025-11-08', 1, 0, '2025-11-08 10:00:00', '2025-11-08 10:00:00', NULL);
INSERT INTO `today_foods` VALUES (100, 5, 1950, 10, '2025-11-08', 1, 0, '2025-11-08 10:00:00', '2025-11-08 10:00:00', NULL);
INSERT INTO `today_foods` VALUES (101, 10, 1080, 17, '2025-11-08', 1, 0, '2025-11-08 10:00:00', '2025-11-08 10:00:00', NULL);
INSERT INTO `today_foods` VALUES (102, 40, 1512, 24, '2025-11-08', 1, 0, '2025-11-08 10:00:00', '2025-11-08 10:00:00', NULL);
INSERT INTO `today_foods` VALUES (103, 34, 587, 17, '2025-11-08', 1, 0, '2025-11-08 10:00:00', '2025-11-08 10:00:00', NULL);
INSERT INTO `today_foods` VALUES (104, 34, 1595, 22, '2025-11-08', 1, 0, '2025-11-08 10:00:00', '2025-11-08 10:00:00', NULL);
INSERT INTO `today_foods` VALUES (105, 4, 806, 16, '2025-11-08', 1, 0, '2025-11-08 10:00:00', '2025-11-08 10:00:00', NULL);
INSERT INTO `today_foods` VALUES (106, 15, 829, 10, '2025-11-08', 1, 0, '2025-11-08 10:00:00', '2025-11-08 10:00:00', NULL);
INSERT INTO `today_foods` VALUES (107, 15, 1557, 27, '2025-11-08', 1, 0, '2025-11-08 10:00:00', '2025-11-08 10:00:00', NULL);
INSERT INTO `today_foods` VALUES (108, 4, 1202, 11, '2025-11-08', 1, 0, '2025-11-08 10:00:00', '2025-11-08 10:00:00', NULL);
INSERT INTO `today_foods` VALUES (109, 15, 639, 22, '2025-11-08', 1, 0, '2025-11-08 10:00:00', '2025-11-08 10:00:00', NULL);
INSERT INTO `today_foods` VALUES (110, 38, 1463, 20, '2025-11-08', 1, 0, '2025-11-08 10:00:00', '2025-11-08 10:00:00', NULL);
INSERT INTO `today_foods` VALUES (111, 19, 971, 14, '2025-11-08', 1, 0, '2025-11-08 10:00:00', '2025-11-08 10:00:00', NULL);
INSERT INTO `today_foods` VALUES (112, 15, 1525, 13, '2025-11-08', 1, 0, '2025-11-08 10:00:00', '2025-11-08 10:00:00', NULL);
INSERT INTO `today_foods` VALUES (113, 4, 447, 26, '2025-11-08', 1, 0, '2025-11-08 10:00:00', '2025-11-08 10:00:00', NULL);
INSERT INTO `today_foods` VALUES (114, 37, 1113, 22, '2025-11-08', 1, 0, '2025-11-08 10:00:00', '2025-11-08 10:00:00', NULL);
INSERT INTO `today_foods` VALUES (115, 33, 1840, 21, '2025-11-08', 1, 0, '2025-11-08 10:00:00', '2025-11-08 10:00:00', NULL);
INSERT INTO `today_foods` VALUES (116, 17, 1884, 12, '2025-11-09', 1, 0, '2025-11-09 10:00:00', '2025-11-09 10:00:00', NULL);
INSERT INTO `today_foods` VALUES (117, 33, 377, 28, '2025-11-09', 1, 0, '2025-11-09 10:00:00', '2025-11-09 10:00:00', NULL);
INSERT INTO `today_foods` VALUES (118, 34, 1189, 19, '2025-11-09', 1, 0, '2025-11-09 10:00:00', '2025-11-09 10:00:00', NULL);
INSERT INTO `today_foods` VALUES (119, 39, 1645, 24, '2025-11-09', 1, 0, '2025-11-09 10:00:00', '2025-11-09 10:00:00', NULL);
INSERT INTO `today_foods` VALUES (120, 2, 629, 30, '2025-11-09', 1, 0, '2025-11-09 10:00:00', '2025-11-09 10:00:00', NULL);
INSERT INTO `today_foods` VALUES (121, 16, 1895, 26, '2025-11-09', 1, 0, '2025-11-09 10:00:00', '2025-11-09 10:00:00', NULL);
INSERT INTO `today_foods` VALUES (122, 30, 862, 14, '2025-11-09', 1, 0, '2025-11-09 10:00:00', '2025-11-09 10:00:00', NULL);
INSERT INTO `today_foods` VALUES (123, 8, 880, 21, '2025-11-09', 1, 0, '2025-11-09 10:00:00', '2025-11-09 10:00:00', NULL);
INSERT INTO `today_foods` VALUES (124, 30, 931, 17, '2025-11-09', 1, 0, '2025-11-09 10:00:00', '2025-11-09 10:00:00', NULL);
INSERT INTO `today_foods` VALUES (125, 2, 1885, 11, '2025-11-09', 1, 0, '2025-11-09 10:00:00', '2025-11-09 10:00:00', NULL);
INSERT INTO `today_foods` VALUES (126, 9, 798, 27, '2025-11-09', 1, 0, '2025-11-09 10:00:00', '2025-11-09 10:00:00', NULL);
INSERT INTO `today_foods` VALUES (127, 17, 1957, 29, '2025-11-09', 1, 0, '2025-11-09 10:00:00', '2025-11-09 10:00:00', NULL);
INSERT INTO `today_foods` VALUES (128, 24, 1854, 23, '2025-11-09', 1, 0, '2025-11-09 10:00:00', '2025-11-09 10:00:00', NULL);
INSERT INTO `today_foods` VALUES (129, 17, 1116, 29, '2025-11-09', 1, 0, '2025-11-09 10:00:00', '2025-11-09 10:00:00', NULL);
INSERT INTO `today_foods` VALUES (130, 2, 349, 18, '2025-11-09', 1, 0, '2025-11-09 10:00:00', '2025-11-09 10:00:00', NULL);
INSERT INTO `today_foods` VALUES (131, 21, 1468, 26, '2025-11-09', 1, 0, '2025-11-09 10:00:00', '2025-11-09 10:00:00', NULL);
INSERT INTO `today_foods` VALUES (132, 13, 1374, 10, '2025-11-09', 1, 0, '2025-11-09 10:00:00', '2025-11-09 10:00:00', NULL);
INSERT INTO `today_foods` VALUES (133, 10, 1988, 11, '2025-11-09', 1, 0, '2025-11-09 10:00:00', '2025-11-09 10:00:00', NULL);
INSERT INTO `today_foods` VALUES (134, 33, 1071, 24, '2025-11-09', 1, 0, '2025-11-09 10:00:00', '2025-11-09 10:00:00', NULL);
INSERT INTO `today_foods` VALUES (135, 19, 1826, 27, '2025-11-09', 1, 0, '2025-11-09 10:00:00', '2025-11-09 10:00:00', NULL);
INSERT INTO `today_foods` VALUES (136, 4, 349, 13, '2025-11-09', 1, 0, '2025-11-09 10:00:00', '2025-11-09 10:00:00', NULL);
INSERT INTO `today_foods` VALUES (137, 36, 1366, 11, '2025-11-09', 1, 0, '2025-11-09 10:00:00', '2025-11-09 10:00:00', NULL);
INSERT INTO `today_foods` VALUES (138, 9, 1088, 24, '2025-11-09', 1, 0, '2025-11-09 10:00:00', '2025-11-09 10:00:00', NULL);
INSERT INTO `today_foods` VALUES (139, 18, 1759, 21, '2025-11-09', 1, 0, '2025-11-09 10:00:00', '2025-11-09 10:00:00', NULL);
INSERT INTO `today_foods` VALUES (140, 22, 1938, 19, '2025-11-09', 1, 0, '2025-11-09 10:00:00', '2025-11-09 10:00:00', NULL);
INSERT INTO `today_foods` VALUES (141, 29, 1868, 21, '2025-11-09', 1, 0, '2025-11-09 10:00:00', '2025-11-09 10:00:00', NULL);
INSERT INTO `today_foods` VALUES (142, 28, 1847, 26, '2025-11-09', 1, 0, '2025-11-09 10:00:00', '2025-11-09 10:00:00', NULL);
INSERT INTO `today_foods` VALUES (143, 40, 1914, 19, '2025-11-09', 1, 0, '2025-11-09 10:00:00', '2025-11-09 10:00:00', NULL);
INSERT INTO `today_foods` VALUES (144, 37, 1645, 22, '2025-11-09', 1, 0, '2025-11-09 10:00:00', '2025-11-09 10:00:00', NULL);
INSERT INTO `today_foods` VALUES (145, 29, 1572, 11, '2025-11-09', 1, 0, '2025-11-09 10:00:00', '2025-11-09 10:00:00', NULL);
INSERT INTO `today_foods` VALUES (146, 31, 461, 12, '2025-11-09', 1, 0, '2025-11-09 10:00:00', '2025-11-09 10:00:00', NULL);
INSERT INTO `today_foods` VALUES (147, 18, 798, 25, '2025-11-10', 1, 0, '2025-11-10 10:00:00', '2025-11-10 10:00:00', NULL);
INSERT INTO `today_foods` VALUES (148, 8, 582, 16, '2025-11-10', 1, 0, '2025-11-10 10:00:00', '2025-11-10 10:00:00', NULL);
INSERT INTO `today_foods` VALUES (149, 29, 628, 26, '2025-11-10', 1, 0, '2025-11-10 10:00:00', '2025-11-10 10:00:00', NULL);
INSERT INTO `today_foods` VALUES (150, 21, 1883, 12, '2025-11-10', 1, 0, '2025-11-10 10:00:00', '2025-11-10 10:00:00', NULL);
INSERT INTO `today_foods` VALUES (151, 14, 1610, 11, '2025-11-10', 1, 0, '2025-11-10 10:00:00', '2025-11-10 10:00:00', NULL);
INSERT INTO `today_foods` VALUES (152, 37, 972, 12, '2025-11-10', 1, 0, '2025-11-10 10:00:00', '2025-11-10 10:00:00', NULL);
INSERT INTO `today_foods` VALUES (153, 35, 781, 10, '2025-11-10', 1, 0, '2025-11-10 10:00:00', '2025-11-10 10:00:00', NULL);
INSERT INTO `today_foods` VALUES (154, 36, 1081, 15, '2025-11-10', 1, 0, '2025-11-10 10:00:00', '2025-11-10 10:00:00', NULL);
INSERT INTO `today_foods` VALUES (155, 24, 794, 28, '2025-11-10', 1, 0, '2025-11-10 10:00:00', '2025-11-10 10:00:00', NULL);
INSERT INTO `today_foods` VALUES (156, 8, 1507, 14, '2025-11-10', 1, 0, '2025-11-10 10:00:00', '2025-11-10 10:00:00', NULL);
INSERT INTO `today_foods` VALUES (157, 33, 1851, 21, '2025-11-10', 1, 0, '2025-11-10 10:00:00', '2025-11-10 10:00:00', NULL);
INSERT INTO `today_foods` VALUES (158, 4, 709, 30, '2025-11-10', 1, 0, '2025-11-10 10:00:00', '2025-11-10 10:00:00', NULL);
INSERT INTO `today_foods` VALUES (159, 38, 1593, 13, '2025-11-10', 1, 0, '2025-11-10 10:00:00', '2025-11-10 10:00:00', NULL);
INSERT INTO `today_foods` VALUES (160, 2, 393, 19, '2025-11-10', 1, 0, '2025-11-10 10:00:00', '2025-11-10 10:00:00', NULL);
INSERT INTO `today_foods` VALUES (161, 11, 1998, 21, '2025-11-10', 1, 0, '2025-11-10 10:00:00', '2025-11-10 10:00:00', NULL);
INSERT INTO `today_foods` VALUES (162, 30, 1908, 21, '2025-11-10', 1, 0, '2025-11-10 10:00:00', '2025-11-10 10:00:00', NULL);
INSERT INTO `today_foods` VALUES (163, 31, 463, 22, '2025-11-10', 1, 0, '2025-11-10 10:00:00', '2025-11-10 10:00:00', NULL);
INSERT INTO `today_foods` VALUES (164, 26, 955, 20, '2025-11-10', 1, 0, '2025-11-10 10:00:00', '2025-11-10 10:00:00', NULL);
INSERT INTO `today_foods` VALUES (165, 32, 1500, 12, '2025-11-10', 1, 0, '2025-11-10 10:00:00', '2025-11-10 10:00:00', NULL);
INSERT INTO `today_foods` VALUES (166, 39, 321, 11, '2025-11-10', 1, 0, '2025-11-10 10:00:00', '2025-11-10 10:00:00', NULL);
INSERT INTO `today_foods` VALUES (167, 7, 516, 14, '2025-11-10', 1, 0, '2025-11-10 10:00:00', '2025-11-10 10:00:00', NULL);
INSERT INTO `today_foods` VALUES (168, 39, 860, 28, '2025-11-10', 1, 0, '2025-11-10 10:00:00', '2025-11-10 10:00:00', NULL);
INSERT INTO `today_foods` VALUES (169, 39, 1431, 28, '2025-11-10', 1, 0, '2025-11-10 10:00:00', '2025-11-10 10:00:00', NULL);
INSERT INTO `today_foods` VALUES (170, 23, 514, 21, '2025-11-11', 1, 0, '2025-11-11 10:00:00', '2025-11-11 10:00:00', NULL);
INSERT INTO `today_foods` VALUES (171, 34, 1948, 28, '2025-11-11', 1, 0, '2025-11-11 10:00:00', '2025-11-11 10:00:00', NULL);
INSERT INTO `today_foods` VALUES (172, 7, 741, 26, '2025-11-11', 1, 0, '2025-11-11 10:00:00', '2025-11-11 10:00:00', NULL);
INSERT INTO `today_foods` VALUES (173, 34, 396, 15, '2025-11-11', 1, 0, '2025-11-11 10:00:00', '2025-11-11 10:00:00', NULL);
INSERT INTO `today_foods` VALUES (174, 7, 1465, 18, '2025-11-11', 1, 0, '2025-11-11 10:00:00', '2025-11-11 10:00:00', NULL);
INSERT INTO `today_foods` VALUES (175, 29, 1756, 16, '2025-11-11', 1, 0, '2025-11-11 10:00:00', '2025-11-11 10:00:00', NULL);
INSERT INTO `today_foods` VALUES (176, 15, 1783, 29, '2025-11-11', 1, 0, '2025-11-11 10:00:00', '2025-11-11 10:00:00', NULL);
INSERT INTO `today_foods` VALUES (177, 19, 1206, 26, '2025-11-11', 1, 0, '2025-11-11 10:00:00', '2025-11-11 10:00:00', NULL);
INSERT INTO `today_foods` VALUES (178, 3, 818, 19, '2025-11-11', 1, 0, '2025-11-11 10:00:00', '2025-11-11 10:00:00', NULL);
INSERT INTO `today_foods` VALUES (179, 30, 786, 23, '2025-11-11', 1, 0, '2025-11-11 10:00:00', '2025-11-11 10:00:00', NULL);
INSERT INTO `today_foods` VALUES (180, 8, 798, 19, '2025-11-11', 1, 0, '2025-11-11 10:00:00', '2025-11-11 10:00:00', NULL);
INSERT INTO `today_foods` VALUES (181, 38, 1034, 27, '2025-11-11', 1, 0, '2025-11-11 10:00:00', '2025-11-11 10:00:00', NULL);
INSERT INTO `today_foods` VALUES (182, 13, 779, 19, '2025-11-11', 1, 0, '2025-11-11 10:00:00', '2025-11-11 10:00:00', NULL);
INSERT INTO `today_foods` VALUES (183, 23, 1843, 10, '2025-11-11', 1, 0, '2025-11-11 10:00:00', '2025-11-11 10:00:00', NULL);
INSERT INTO `today_foods` VALUES (184, 39, 1088, 28, '2025-11-11', 1, 0, '2025-11-11 10:00:00', '2025-11-11 10:00:00', NULL);
INSERT INTO `today_foods` VALUES (185, 39, 1836, 21, '2025-11-11', 1, 0, '2025-11-11 10:00:00', '2025-11-11 10:00:00', NULL);
INSERT INTO `today_foods` VALUES (186, 17, 371, 12, '2025-11-11', 1, 0, '2025-11-11 10:00:00', '2025-11-11 10:00:00', NULL);
INSERT INTO `today_foods` VALUES (187, 18, 353, 27, '2025-11-11', 1, 0, '2025-11-11 10:00:00', '2025-11-11 10:00:00', NULL);
INSERT INTO `today_foods` VALUES (188, 40, 618, 16, '2025-11-11', 1, 0, '2025-11-11 10:00:00', '2025-11-11 10:00:00', NULL);
INSERT INTO `today_foods` VALUES (189, 1, 1303, 14, '2025-11-11', 1, 0, '2025-11-11 10:00:00', '2025-11-11 10:00:00', NULL);
INSERT INTO `today_foods` VALUES (190, 40, 1574, 21, '2025-11-11', 1, 0, '2025-11-11 10:00:00', '2025-11-11 10:00:00', NULL);
INSERT INTO `today_foods` VALUES (191, 3, 1519, 20, '2025-11-11', 1, 0, '2025-11-11 10:00:00', '2025-11-11 10:00:00', NULL);
INSERT INTO `today_foods` VALUES (192, 1, 1015, 12, '2025-11-11', 1, 0, '2025-11-11 10:00:00', '2025-11-11 10:00:00', NULL);
INSERT INTO `today_foods` VALUES (193, 10, 987, 22, '2025-11-11', 1, 0, '2025-11-11 10:00:00', '2025-11-11 10:00:00', NULL);
INSERT INTO `today_foods` VALUES (194, 9, 1445, 21, '2025-11-11', 1, 0, '2025-11-11 10:00:00', '2025-11-11 10:00:00', NULL);
INSERT INTO `today_foods` VALUES (195, 5, 882, 24, '2025-11-11', 1, 0, '2025-11-11 10:00:00', '2025-11-11 10:00:00', NULL);
INSERT INTO `today_foods` VALUES (196, 26, 312, 10, '2025-11-11', 1, 0, '2025-11-11 10:00:00', '2025-11-11 10:00:00', NULL);
INSERT INTO `today_foods` VALUES (197, 14, 1620, 23, '2025-11-11', 1, 0, '2025-11-11 10:00:00', '2025-11-11 10:00:00', NULL);
INSERT INTO `today_foods` VALUES (198, 25, 1087, 17, '2025-11-11', 1, 0, '2025-11-11 10:00:00', '2025-11-11 10:00:00', NULL);
INSERT INTO `today_foods` VALUES (199, 14, 1644, 11, '2025-11-11', 1, 0, '2025-11-11 10:00:00', '2025-11-11 10:00:00', NULL);
INSERT INTO `today_foods` VALUES (200, 33, 994, 21, '2025-11-11', 1, 0, '2025-11-11 10:00:00', '2025-11-11 10:00:00', NULL);
INSERT INTO `today_foods` VALUES (201, 27, 1566, 25, '2025-11-11', 1, 0, '2025-11-11 10:00:00', '2025-11-11 10:00:00', NULL);
INSERT INTO `today_foods` VALUES (202, 24, 476, 22, '2025-11-11', 1, 0, '2025-11-11 10:00:00', '2025-11-11 10:00:00', NULL);
INSERT INTO `today_foods` VALUES (203, 18, 1775, 10, '2025-11-11', 1, 0, '2025-11-11 10:00:00', '2025-11-11 10:00:00', NULL);
INSERT INTO `today_foods` VALUES (204, 16, 1235, 22, '2025-11-11', 1, 0, '2025-11-11 10:00:00', '2025-11-11 10:00:00', NULL);
INSERT INTO `today_foods` VALUES (205, 1, 774, 17, '2025-11-11', 1, 0, '2025-11-11 10:00:00', '2025-11-11 10:00:00', NULL);
INSERT INTO `today_foods` VALUES (206, 32, 542, 30, '2025-11-11', 1, 0, '2025-11-11 10:00:00', '2025-11-11 10:00:00', NULL);
INSERT INTO `today_foods` VALUES (207, 28, 1525, 10, '2025-11-12', 1, 0, '2025-11-12 10:00:00', '2025-11-12 10:00:00', NULL);
INSERT INTO `today_foods` VALUES (208, 27, 1000, 25, '2025-11-12', 1, 0, '2025-11-12 10:00:00', '2025-11-12 10:00:00', NULL);
INSERT INTO `today_foods` VALUES (209, 19, 1277, 29, '2025-11-12', 1, 0, '2025-11-12 10:00:00', '2025-11-12 10:00:00', NULL);
INSERT INTO `today_foods` VALUES (210, 29, 691, 30, '2025-11-12', 1, 0, '2025-11-12 10:00:00', '2025-11-12 10:00:00', NULL);
INSERT INTO `today_foods` VALUES (211, 32, 782, 21, '2025-11-12', 1, 0, '2025-11-12 10:00:00', '2025-11-12 10:00:00', NULL);
INSERT INTO `today_foods` VALUES (212, 22, 1252, 17, '2025-11-12', 1, 0, '2025-11-12 10:00:00', '2025-11-12 10:00:00', NULL);
INSERT INTO `today_foods` VALUES (213, 19, 1056, 18, '2025-11-12', 1, 0, '2025-11-12 10:00:00', '2025-11-12 10:00:00', NULL);
INSERT INTO `today_foods` VALUES (214, 6, 574, 16, '2025-11-12', 1, 0, '2025-11-12 10:00:00', '2025-11-12 10:00:00', NULL);
INSERT INTO `today_foods` VALUES (215, 33, 1940, 26, '2025-11-12', 1, 0, '2025-11-12 10:00:00', '2025-11-12 10:00:00', NULL);
INSERT INTO `today_foods` VALUES (216, 39, 1342, 12, '2025-11-12', 1, 0, '2025-11-12 10:00:00', '2025-11-12 10:00:00', NULL);
INSERT INTO `today_foods` VALUES (217, 32, 1223, 10, '2025-11-12', 1, 0, '2025-11-12 10:00:00', '2025-11-12 10:00:00', NULL);
INSERT INTO `today_foods` VALUES (218, 37, 1303, 28, '2025-11-12', 1, 0, '2025-11-12 10:00:00', '2025-11-12 10:00:00', NULL);
INSERT INTO `today_foods` VALUES (219, 15, 596, 24, '2025-11-12', 1, 0, '2025-11-12 10:00:00', '2025-11-12 10:00:00', NULL);
INSERT INTO `today_foods` VALUES (220, 15, 408, 19, '2025-11-12', 1, 0, '2025-11-12 10:00:00', '2025-11-12 10:00:00', NULL);
INSERT INTO `today_foods` VALUES (221, 36, 889, 28, '2025-11-12', 1, 0, '2025-11-12 10:00:00', '2025-11-12 10:00:00', NULL);
INSERT INTO `today_foods` VALUES (222, 3, 1746, 25, '2025-11-12', 1, 0, '2025-11-12 10:00:00', '2025-11-12 10:00:00', NULL);
INSERT INTO `today_foods` VALUES (223, 28, 1681, 19, '2025-11-12', 1, 0, '2025-11-12 10:00:00', '2025-11-12 10:00:00', NULL);
INSERT INTO `today_foods` VALUES (224, 4, 1358, 20, '2025-11-12', 1, 0, '2025-11-12 10:00:00', '2025-11-12 10:00:00', NULL);
INSERT INTO `today_foods` VALUES (225, 36, 1501, 16, '2025-11-12', 1, 0, '2025-11-12 10:00:00', '2025-11-12 10:00:00', NULL);
INSERT INTO `today_foods` VALUES (226, 18, 1717, 19, '2025-11-12', 1, 0, '2025-11-12 10:00:00', '2025-11-12 10:00:00', NULL);
INSERT INTO `today_foods` VALUES (227, 19, 1227, 29, '2025-11-12', 1, 0, '2025-11-12 10:00:00', '2025-11-12 10:00:00', NULL);
INSERT INTO `today_foods` VALUES (228, 34, 357, 22, '2025-11-12', 1, 0, '2025-11-12 10:00:00', '2025-11-12 10:00:00', NULL);
INSERT INTO `today_foods` VALUES (229, 23, 472, 22, '2025-11-12', 1, 0, '2025-11-12 10:00:00', '2025-11-12 10:00:00', NULL);
INSERT INTO `today_foods` VALUES (230, 29, 1471, 14, '2025-11-12', 1, 0, '2025-11-12 10:00:00', '2025-11-12 10:00:00', NULL);
INSERT INTO `today_foods` VALUES (231, 25, 1803, 10, '2025-11-12', 1, 0, '2025-11-12 10:00:00', '2025-11-12 10:00:00', NULL);
INSERT INTO `today_foods` VALUES (232, 24, 1707, 19, '2025-11-12', 1, 0, '2025-11-12 10:00:00', '2025-11-12 10:00:00', NULL);
INSERT INTO `today_foods` VALUES (233, 30, 1005, 26, '2025-11-12', 1, 0, '2025-11-12 10:00:00', '2025-11-12 10:00:00', NULL);
INSERT INTO `today_foods` VALUES (234, 17, 1243, 26, '2025-11-12', 1, 0, '2025-11-12 10:00:00', '2025-11-12 10:00:00', NULL);
INSERT INTO `today_foods` VALUES (235, 16, 1803, 14, '2025-11-12', 1, 0, '2025-11-12 10:00:00', '2025-11-12 10:00:00', NULL);
INSERT INTO `today_foods` VALUES (236, 22, 1396, 26, '2025-11-12', 1, 0, '2025-11-12 10:00:00', '2025-11-12 10:00:00', NULL);
INSERT INTO `today_foods` VALUES (237, 18, 723, 16, '2025-11-12', 1, 0, '2025-11-12 10:00:00', '2025-11-12 10:00:00', NULL);
INSERT INTO `today_foods` VALUES (238, 35, 876, 29, '2025-11-12', 1, 0, '2025-11-12 10:00:00', '2025-11-12 10:00:00', NULL);
INSERT INTO `today_foods` VALUES (239, 3, 1120, 19, '2025-11-12', 1, 0, '2025-11-12 10:00:00', '2025-11-12 10:00:00', NULL);
INSERT INTO `today_foods` VALUES (240, 34, 506, 30, '2025-11-12', 1, 0, '2025-11-12 10:00:00', '2025-11-12 10:00:00', NULL);
INSERT INTO `today_foods` VALUES (241, 21, 1525, 24, '2025-11-12', 1, 0, '2025-11-12 10:00:00', '2025-11-12 10:00:00', NULL);
INSERT INTO `today_foods` VALUES (242, 38, 1669, 11, '2025-11-12', 1, 0, '2025-11-12 10:00:00', '2025-11-12 10:00:00', NULL);
INSERT INTO `today_foods` VALUES (243, 40, 1377, 25, '2025-11-13', 1, 0, '2025-11-13 10:00:00', '2025-11-13 10:00:00', NULL);
INSERT INTO `today_foods` VALUES (244, 10, 776, 16, '2025-11-13', 1, 0, '2025-11-13 10:00:00', '2025-11-13 10:00:00', NULL);
INSERT INTO `today_foods` VALUES (245, 23, 300, 12, '2025-11-13', 1, 0, '2025-11-13 10:00:00', '2025-11-13 10:00:00', NULL);
INSERT INTO `today_foods` VALUES (246, 30, 1911, 16, '2025-11-13', 1, 0, '2025-11-13 10:00:00', '2025-11-13 10:00:00', NULL);
INSERT INTO `today_foods` VALUES (247, 8, 1869, 26, '2025-11-13', 1, 0, '2025-11-13 10:00:00', '2025-11-13 10:00:00', NULL);
INSERT INTO `today_foods` VALUES (248, 14, 1561, 16, '2025-11-13', 1, 0, '2025-11-13 10:00:00', '2025-11-13 10:00:00', NULL);
INSERT INTO `today_foods` VALUES (249, 39, 461, 19, '2025-11-13', 1, 0, '2025-11-13 10:00:00', '2025-11-13 10:00:00', NULL);
INSERT INTO `today_foods` VALUES (250, 22, 772, 28, '2025-11-13', 1, 0, '2025-11-13 10:00:00', '2025-11-13 10:00:00', NULL);
INSERT INTO `today_foods` VALUES (251, 4, 1981, 12, '2025-11-13', 1, 0, '2025-11-13 10:00:00', '2025-11-13 10:00:00', NULL);
INSERT INTO `today_foods` VALUES (252, 12, 1310, 26, '2025-11-13', 1, 0, '2025-11-13 10:00:00', '2025-11-13 10:00:00', NULL);
INSERT INTO `today_foods` VALUES (253, 9, 1936, 17, '2025-11-13', 1, 0, '2025-11-13 10:00:00', '2025-11-13 10:00:00', NULL);
INSERT INTO `today_foods` VALUES (254, 36, 326, 12, '2025-11-13', 1, 0, '2025-11-13 10:00:00', '2025-11-13 10:00:00', NULL);
INSERT INTO `today_foods` VALUES (255, 12, 652, 24, '2025-11-13', 1, 0, '2025-11-13 10:00:00', '2025-11-13 10:00:00', NULL);
INSERT INTO `today_foods` VALUES (256, 5, 1667, 11, '2025-11-13', 1, 0, '2025-11-13 10:00:00', '2025-11-13 10:00:00', NULL);
INSERT INTO `today_foods` VALUES (257, 32, 458, 25, '2025-11-13', 1, 0, '2025-11-13 10:00:00', '2025-11-13 10:00:00', NULL);
INSERT INTO `today_foods` VALUES (258, 28, 997, 13, '2025-11-13', 1, 0, '2025-11-13 10:00:00', '2025-11-13 10:00:00', NULL);
INSERT INTO `today_foods` VALUES (259, 9, 1796, 10, '2025-11-13', 1, 0, '2025-11-13 10:00:00', '2025-11-13 10:00:00', NULL);
INSERT INTO `today_foods` VALUES (260, 6, 1714, 27, '2025-11-13', 1, 0, '2025-11-13 10:00:00', '2025-11-13 10:00:00', NULL);
INSERT INTO `today_foods` VALUES (261, 40, 1763, 16, '2025-11-13', 1, 0, '2025-11-13 10:00:00', '2025-11-13 10:00:00', NULL);
INSERT INTO `today_foods` VALUES (262, 8, 1804, 26, '2025-11-13', 1, 0, '2025-11-13 10:00:00', '2025-11-13 10:00:00', NULL);
INSERT INTO `today_foods` VALUES (263, 20, 1107, 24, '2025-11-13', 1, 0, '2025-11-13 10:00:00', '2025-11-13 10:00:00', NULL);
INSERT INTO `today_foods` VALUES (264, 1, 1071, 18, '2025-11-13', 1, 0, '2025-11-13 10:00:00', '2025-11-13 10:00:00', NULL);
INSERT INTO `today_foods` VALUES (265, 29, 1496, 29, '2025-11-13', 1, 0, '2025-11-13 10:00:00', '2025-11-13 10:00:00', NULL);
INSERT INTO `today_foods` VALUES (266, 32, 1934, 30, '2025-11-13', 1, 0, '2025-11-13 10:00:00', '2025-11-13 10:00:00', NULL);
INSERT INTO `today_foods` VALUES (267, 24, 333, 29, '2025-11-13', 1, 0, '2025-11-13 10:00:00', '2025-11-13 10:00:00', NULL);
INSERT INTO `today_foods` VALUES (268, 10, 966, 15, '2025-11-13', 1, 0, '2025-11-13 10:00:00', '2025-11-13 10:00:00', NULL);
INSERT INTO `today_foods` VALUES (269, 19, 734, 24, '2025-11-13', 1, 0, '2025-11-13 10:00:00', '2025-11-13 10:00:00', NULL);
INSERT INTO `today_foods` VALUES (270, 33, 386, 22, '2025-11-13', 1, 0, '2025-11-13 10:00:00', '2025-11-13 10:00:00', NULL);
INSERT INTO `today_foods` VALUES (271, 21, 1761, 27, '2025-11-13', 1, 0, '2025-11-13 10:00:00', '2025-11-13 10:00:00', NULL);
INSERT INTO `today_foods` VALUES (272, 14, 794, 18, '2025-11-13', 1, 0, '2025-11-13 10:00:00', '2025-11-13 10:00:00', NULL);
INSERT INTO `today_foods` VALUES (273, 34, 1849, 22, '2025-11-13', 1, 0, '2025-11-13 10:00:00', '2025-11-13 10:00:00', NULL);
INSERT INTO `today_foods` VALUES (274, 29, 1780, 27, '2025-11-13', 1, 0, '2025-11-13 10:00:00', '2025-11-13 10:00:00', NULL);
INSERT INTO `today_foods` VALUES (275, 14, 1527, 10, '2025-11-13', 1, 0, '2025-11-13 10:00:00', '2025-11-13 10:00:00', NULL);
INSERT INTO `today_foods` VALUES (276, 40, 1692, 28, '2025-11-13', 1, 0, '2025-11-13 10:00:00', '2025-11-13 10:00:00', NULL);
INSERT INTO `today_foods` VALUES (277, 27, 1848, 10, '2025-11-14', 1, 0, '2025-11-14 10:00:00', '2025-11-14 10:00:00', NULL);
INSERT INTO `today_foods` VALUES (278, 28, 1878, 25, '2025-11-14', 1, 0, '2025-11-14 10:00:00', '2025-11-14 10:00:00', NULL);
INSERT INTO `today_foods` VALUES (279, 12, 1161, 14, '2025-11-14', 1, 0, '2025-11-14 10:00:00', '2025-11-14 10:00:00', NULL);
INSERT INTO `today_foods` VALUES (280, 6, 808, 13, '2025-11-14', 1, 0, '2025-11-14 10:00:00', '2025-11-14 10:00:00', NULL);
INSERT INTO `today_foods` VALUES (281, 5, 351, 25, '2025-11-14', 1, 0, '2025-11-14 10:00:00', '2025-11-14 10:00:00', NULL);
INSERT INTO `today_foods` VALUES (282, 18, 1006, 23, '2025-11-14', 1, 0, '2025-11-14 10:00:00', '2025-11-14 10:00:00', NULL);
INSERT INTO `today_foods` VALUES (283, 10, 449, 16, '2025-11-14', 1, 0, '2025-11-14 10:00:00', '2025-11-14 10:00:00', NULL);
INSERT INTO `today_foods` VALUES (284, 21, 1658, 20, '2025-11-14', 1, 0, '2025-11-14 10:00:00', '2025-11-14 10:00:00', NULL);
INSERT INTO `today_foods` VALUES (285, 23, 468, 18, '2025-11-14', 1, 0, '2025-11-14 10:00:00', '2025-11-14 10:00:00', NULL);
INSERT INTO `today_foods` VALUES (286, 12, 811, 26, '2025-11-14', 1, 0, '2025-11-14 10:00:00', '2025-11-14 10:00:00', NULL);
INSERT INTO `today_foods` VALUES (287, 20, 1835, 21, '2025-11-14', 1, 0, '2025-11-14 10:00:00', '2025-11-14 10:00:00', NULL);
INSERT INTO `today_foods` VALUES (288, 39, 1263, 17, '2025-11-14', 1, 0, '2025-11-14 10:00:00', '2025-11-14 10:00:00', NULL);
INSERT INTO `today_foods` VALUES (289, 31, 397, 16, '2025-11-14', 1, 0, '2025-11-14 10:00:00', '2025-11-14 10:00:00', NULL);
INSERT INTO `today_foods` VALUES (290, 4, 689, 13, '2025-11-14', 1, 0, '2025-11-14 10:00:00', '2025-11-14 10:00:00', NULL);
INSERT INTO `today_foods` VALUES (291, 36, 1794, 26, '2025-11-14', 1, 0, '2025-11-14 10:00:00', '2025-11-14 10:00:00', NULL);
INSERT INTO `today_foods` VALUES (292, 1, 919, 14, '2025-11-14', 1, 0, '2025-11-14 10:00:00', '2025-11-14 10:00:00', NULL);
INSERT INTO `today_foods` VALUES (293, 34, 1918, 29, '2025-11-14', 1, 0, '2025-11-14 10:00:00', '2025-11-14 10:00:00', NULL);
INSERT INTO `today_foods` VALUES (294, 10, 714, 29, '2025-11-14', 1, 0, '2025-11-14 10:00:00', '2025-11-14 10:00:00', NULL);
INSERT INTO `today_foods` VALUES (295, 2, 1853, 14, '2025-11-14', 1, 0, '2025-11-14 10:00:00', '2025-11-14 10:00:00', NULL);
INSERT INTO `today_foods` VALUES (296, 11, 376, 30, '2025-11-14', 1, 0, '2025-11-14 10:00:00', '2025-11-14 10:00:00', NULL);
INSERT INTO `today_foods` VALUES (297, 23, 1676, 10, '2025-11-14', 1, 0, '2025-11-14 10:00:00', '2025-11-14 10:00:00', NULL);
INSERT INTO `today_foods` VALUES (298, 5, 1470, 26, '2025-11-14', 1, 0, '2025-11-14 10:00:00', '2025-11-14 10:00:00', NULL);
INSERT INTO `today_foods` VALUES (299, 7, 552, 16, '2025-11-14', 1, 0, '2025-11-14 10:00:00', '2025-11-14 10:00:00', NULL);
INSERT INTO `today_foods` VALUES (300, 2, 993, 27, '2025-11-14', 1, 0, '2025-11-14 10:00:00', '2025-11-14 10:00:00', NULL);
INSERT INTO `today_foods` VALUES (301, 29, 1175, 28, '2025-11-14', 1, 0, '2025-11-14 10:00:00', '2025-11-14 10:00:00', NULL);
INSERT INTO `today_foods` VALUES (302, 20, 479, 29, '2025-11-14', 1, 0, '2025-11-14 10:00:00', '2025-11-14 10:00:00', NULL);
INSERT INTO `today_foods` VALUES (303, 4, 376, 13, '2025-11-14', 1, 0, '2025-11-14 10:00:00', '2025-11-14 10:00:00', NULL);
INSERT INTO `today_foods` VALUES (304, 40, 1079, 23, '2025-11-14', 1, 0, '2025-11-14 10:00:00', '2025-11-14 10:00:00', NULL);
INSERT INTO `today_foods` VALUES (305, 29, 1235, 30, '2025-11-14', 1, 0, '2025-11-14 10:00:00', '2025-11-14 10:00:00', NULL);
INSERT INTO `today_foods` VALUES (306, 24, 1546, 28, '2025-11-15', 1, 0, '2025-11-15 10:00:00', '2025-11-15 10:00:00', NULL);
INSERT INTO `today_foods` VALUES (307, 39, 1335, 19, '2025-11-15', 1, 0, '2025-11-15 10:00:00', '2025-11-15 10:00:00', NULL);
INSERT INTO `today_foods` VALUES (308, 18, 1244, 11, '2025-11-15', 1, 0, '2025-11-15 10:00:00', '2025-11-15 10:00:00', NULL);
INSERT INTO `today_foods` VALUES (309, 22, 401, 28, '2025-11-15', 1, 0, '2025-11-15 10:00:00', '2025-11-15 10:00:00', NULL);
INSERT INTO `today_foods` VALUES (310, 37, 484, 29, '2025-11-15', 1, 0, '2025-11-15 10:00:00', '2025-11-15 10:00:00', NULL);
INSERT INTO `today_foods` VALUES (311, 19, 1614, 13, '2025-11-15', 1, 0, '2025-11-15 10:00:00', '2025-11-15 10:00:00', NULL);
INSERT INTO `today_foods` VALUES (312, 40, 1978, 17, '2025-11-15', 1, 0, '2025-11-15 10:00:00', '2025-11-15 10:00:00', NULL);
INSERT INTO `today_foods` VALUES (313, 6, 1596, 16, '2025-11-15', 1, 0, '2025-11-15 10:00:00', '2025-11-15 10:00:00', NULL);
INSERT INTO `today_foods` VALUES (314, 36, 506, 20, '2025-11-15', 1, 0, '2025-11-15 10:00:00', '2025-11-15 10:00:00', NULL);
INSERT INTO `today_foods` VALUES (315, 29, 333, 10, '2025-11-15', 1, 0, '2025-11-15 10:00:00', '2025-11-15 10:00:00', NULL);
INSERT INTO `today_foods` VALUES (316, 29, 1568, 19, '2025-11-15', 1, 0, '2025-11-15 10:00:00', '2025-11-15 10:00:00', NULL);
INSERT INTO `today_foods` VALUES (317, 4, 653, 25, '2025-11-15', 1, 0, '2025-11-15 10:00:00', '2025-11-15 10:00:00', NULL);
INSERT INTO `today_foods` VALUES (318, 30, 1027, 27, '2025-11-15', 1, 0, '2025-11-15 10:00:00', '2025-11-15 10:00:00', NULL);
INSERT INTO `today_foods` VALUES (319, 23, 789, 15, '2025-11-15', 1, 0, '2025-11-15 10:00:00', '2025-11-15 10:00:00', NULL);
INSERT INTO `today_foods` VALUES (320, 32, 710, 22, '2025-11-15', 1, 0, '2025-11-15 10:00:00', '2025-11-15 10:00:00', NULL);
INSERT INTO `today_foods` VALUES (321, 25, 950, 26, '2025-11-15', 1, 0, '2025-11-15 10:00:00', '2025-11-15 10:00:00', NULL);
INSERT INTO `today_foods` VALUES (322, 17, 1757, 11, '2025-11-15', 1, 0, '2025-11-15 10:00:00', '2025-11-15 10:00:00', NULL);
INSERT INTO `today_foods` VALUES (323, 13, 732, 10, '2025-11-15', 1, 0, '2025-11-15 10:00:00', '2025-11-15 10:00:00', NULL);
INSERT INTO `today_foods` VALUES (324, 17, 1078, 29, '2025-11-15', 1, 0, '2025-11-15 10:00:00', '2025-11-15 10:00:00', NULL);
INSERT INTO `today_foods` VALUES (325, 34, 1119, 21, '2025-11-15', 1, 0, '2025-11-15 10:00:00', '2025-11-15 10:00:00', NULL);
INSERT INTO `today_foods` VALUES (326, 30, 1594, 26, '2025-11-15', 1, 0, '2025-11-15 10:00:00', '2025-11-15 10:00:00', NULL);
INSERT INTO `today_foods` VALUES (327, 27, 1065, 20, '2025-11-15', 1, 0, '2025-11-15 10:00:00', '2025-11-15 10:00:00', NULL);
INSERT INTO `today_foods` VALUES (328, 24, 1870, 25, '2025-11-15', 1, 0, '2025-11-15 10:00:00', '2025-11-15 10:00:00', NULL);
INSERT INTO `today_foods` VALUES (329, 22, 1672, 10, '2025-11-15', 1, 0, '2025-11-15 10:00:00', '2025-11-15 10:00:00', NULL);
INSERT INTO `today_foods` VALUES (330, 38, 875, 24, '2025-11-15', 1, 0, '2025-11-15 10:00:00', '2025-11-15 10:00:00', NULL);
INSERT INTO `today_foods` VALUES (331, 2, 1196, 23, '2025-11-15', 1, 0, '2025-11-15 10:00:00', '2025-11-15 10:00:00', NULL);
INSERT INTO `today_foods` VALUES (332, 23, 1864, 30, '2025-11-15', 1, 0, '2025-11-15 10:00:00', '2025-11-15 10:00:00', NULL);
INSERT INTO `today_foods` VALUES (333, 20, 1000, 26, '2025-11-15', 1, 0, '2025-11-15 10:00:00', '2025-11-15 10:00:00', NULL);
INSERT INTO `today_foods` VALUES (334, 31, 1173, 14, '2025-11-16', 1, 0, '2025-11-16 10:00:00', '2025-11-16 10:00:00', NULL);
INSERT INTO `today_foods` VALUES (335, 32, 1579, 23, '2025-11-16', 1, 0, '2025-11-16 10:00:00', '2025-11-16 10:00:00', NULL);
INSERT INTO `today_foods` VALUES (336, 24, 782, 18, '2025-11-16', 1, 0, '2025-11-16 10:00:00', '2025-11-16 10:00:00', NULL);
INSERT INTO `today_foods` VALUES (337, 7, 1126, 11, '2025-11-16', 1, 0, '2025-11-16 10:00:00', '2025-11-16 10:00:00', NULL);
INSERT INTO `today_foods` VALUES (338, 10, 1454, 25, '2025-11-16', 1, 0, '2025-11-16 10:00:00', '2025-11-16 10:00:00', NULL);
INSERT INTO `today_foods` VALUES (339, 25, 807, 23, '2025-11-16', 1, 0, '2025-11-16 10:00:00', '2025-11-16 10:00:00', NULL);
INSERT INTO `today_foods` VALUES (340, 28, 1333, 18, '2025-11-16', 1, 0, '2025-11-16 10:00:00', '2025-11-16 10:00:00', NULL);
INSERT INTO `today_foods` VALUES (341, 37, 1113, 11, '2025-11-16', 1, 0, '2025-11-16 10:00:00', '2025-11-16 10:00:00', NULL);
INSERT INTO `today_foods` VALUES (342, 21, 1485, 11, '2025-11-16', 1, 0, '2025-11-16 10:00:00', '2025-11-16 10:00:00', NULL);
INSERT INTO `today_foods` VALUES (343, 18, 1474, 30, '2025-11-16', 1, 0, '2025-11-16 10:00:00', '2025-11-16 10:00:00', NULL);
INSERT INTO `today_foods` VALUES (344, 17, 1829, 19, '2025-11-16', 1, 0, '2025-11-16 10:00:00', '2025-11-16 10:00:00', NULL);
INSERT INTO `today_foods` VALUES (345, 36, 1965, 30, '2025-11-16', 1, 0, '2025-11-16 10:00:00', '2025-11-16 10:00:00', NULL);
INSERT INTO `today_foods` VALUES (346, 26, 731, 19, '2025-11-16', 1, 0, '2025-11-16 10:00:00', '2025-11-16 10:00:00', NULL);
INSERT INTO `today_foods` VALUES (347, 25, 1816, 30, '2025-11-16', 1, 0, '2025-11-16 10:00:00', '2025-11-16 10:00:00', NULL);
INSERT INTO `today_foods` VALUES (348, 5, 1237, 12, '2025-11-16', 1, 0, '2025-11-16 10:00:00', '2025-11-16 10:00:00', NULL);
INSERT INTO `today_foods` VALUES (349, 29, 815, 15, '2025-11-16', 1, 0, '2025-11-16 10:00:00', '2025-11-16 10:00:00', NULL);
INSERT INTO `today_foods` VALUES (350, 2, 1342, 11, '2025-11-16', 1, 0, '2025-11-16 10:00:00', '2025-11-16 10:00:00', NULL);
INSERT INTO `today_foods` VALUES (351, 11, 1414, 15, '2025-11-16', 1, 0, '2025-11-16 10:00:00', '2025-11-16 10:00:00', NULL);
INSERT INTO `today_foods` VALUES (352, 4, 1194, 13, '2025-11-16', 1, 0, '2025-11-16 10:00:00', '2025-11-16 10:00:00', NULL);
INSERT INTO `today_foods` VALUES (353, 1, 1144, 20, '2025-11-16', 1, 0, '2025-11-16 10:00:00', '2025-11-16 10:00:00', NULL);
INSERT INTO `today_foods` VALUES (354, 12, 1437, 16, '2025-11-16', 1, 0, '2025-11-16 10:00:00', '2025-11-16 10:00:00', NULL);
INSERT INTO `today_foods` VALUES (355, 29, 637, 12, '2025-11-16', 1, 0, '2025-11-16 10:00:00', '2025-11-16 10:00:00', NULL);
INSERT INTO `today_foods` VALUES (356, 35, 1897, 26, '2025-11-16', 1, 0, '2025-11-16 10:00:00', '2025-11-16 10:00:00', NULL);
INSERT INTO `today_foods` VALUES (357, 34, 1202, 29, '2025-11-16', 1, 0, '2025-11-16 10:00:00', '2025-11-16 10:00:00', NULL);
INSERT INTO `today_foods` VALUES (358, 29, 534, 13, '2025-11-16', 1, 0, '2025-11-16 10:00:00', '2025-11-16 10:00:00', NULL);
INSERT INTO `today_foods` VALUES (359, 25, 989, 13, '2025-11-17', 1, 0, '2025-11-17 10:00:00', '2025-11-17 10:00:00', NULL);
INSERT INTO `today_foods` VALUES (360, 31, 1444, 30, '2025-11-17', 1, 0, '2025-11-17 10:00:00', '2025-11-17 10:00:00', NULL);
INSERT INTO `today_foods` VALUES (361, 14, 1317, 25, '2025-11-17', 1, 0, '2025-11-17 10:00:00', '2025-11-17 10:00:00', NULL);
INSERT INTO `today_foods` VALUES (362, 6, 991, 30, '2025-11-17', 1, 0, '2025-11-17 10:00:00', '2025-11-17 10:00:00', NULL);
INSERT INTO `today_foods` VALUES (363, 22, 948, 17, '2025-11-17', 1, 0, '2025-11-17 10:00:00', '2025-11-17 10:00:00', NULL);
INSERT INTO `today_foods` VALUES (364, 39, 1040, 11, '2025-11-17', 1, 0, '2025-11-17 10:00:00', '2025-11-17 10:00:00', NULL);
INSERT INTO `today_foods` VALUES (365, 29, 1128, 28, '2025-11-17', 1, 0, '2025-11-17 10:00:00', '2025-11-17 10:00:00', NULL);
INSERT INTO `today_foods` VALUES (366, 29, 382, 23, '2025-11-17', 1, 0, '2025-11-17 10:00:00', '2025-11-17 10:00:00', NULL);
INSERT INTO `today_foods` VALUES (367, 28, 1897, 15, '2025-11-17', 1, 0, '2025-11-17 10:00:00', '2025-11-17 10:00:00', NULL);
INSERT INTO `today_foods` VALUES (368, 4, 707, 13, '2025-11-17', 1, 0, '2025-11-17 10:00:00', '2025-11-17 10:00:00', NULL);
INSERT INTO `today_foods` VALUES (369, 5, 1444, 30, '2025-11-17', 1, 0, '2025-11-17 10:00:00', '2025-11-17 10:00:00', NULL);
INSERT INTO `today_foods` VALUES (370, 27, 328, 16, '2025-11-17', 1, 0, '2025-11-17 10:00:00', '2025-11-17 10:00:00', NULL);
INSERT INTO `today_foods` VALUES (371, 3, 854, 26, '2025-11-17', 1, 0, '2025-11-17 10:00:00', '2025-11-17 10:00:00', NULL);
INSERT INTO `today_foods` VALUES (372, 40, 1649, 18, '2025-11-17', 1, 0, '2025-11-17 10:00:00', '2025-11-17 10:00:00', NULL);
INSERT INTO `today_foods` VALUES (373, 28, 880, 21, '2025-11-17', 1, 0, '2025-11-17 10:00:00', '2025-11-17 10:00:00', NULL);
INSERT INTO `today_foods` VALUES (374, 12, 817, 16, '2025-11-17', 1, 0, '2025-11-17 10:00:00', '2025-11-17 10:00:00', NULL);
INSERT INTO `today_foods` VALUES (375, 10, 1023, 30, '2025-11-17', 1, 0, '2025-11-17 10:00:00', '2025-11-17 10:00:00', NULL);
INSERT INTO `today_foods` VALUES (376, 16, 1158, 13, '2025-11-17', 1, 0, '2025-11-17 10:00:00', '2025-11-17 10:00:00', NULL);
INSERT INTO `today_foods` VALUES (377, 3, 1911, 30, '2025-11-17', 1, 0, '2025-11-17 10:00:00', '2025-11-17 10:00:00', NULL);
INSERT INTO `today_foods` VALUES (378, 13, 1290, 16, '2025-11-17', 1, 0, '2025-11-17 10:00:00', '2025-11-17 10:00:00', NULL);
INSERT INTO `today_foods` VALUES (379, 29, 1725, 27, '2025-11-17', 1, 0, '2025-11-17 10:00:00', '2025-11-17 10:00:00', NULL);
INSERT INTO `today_foods` VALUES (380, 38, 1114, 11, '2025-11-17', 1, 0, '2025-11-17 10:00:00', '2025-11-17 10:00:00', NULL);
INSERT INTO `today_foods` VALUES (381, 34, 1873, 24, '2025-11-17', 1, 0, '2025-11-17 10:00:00', '2025-11-17 10:00:00', NULL);
INSERT INTO `today_foods` VALUES (382, 3, 1295, 30, '2025-11-17', 1, 0, '2025-11-17 10:00:00', '2025-11-17 10:00:00', NULL);
INSERT INTO `today_foods` VALUES (383, 12, 1203, 12, '2025-11-17', 1, 0, '2025-11-17 10:00:00', '2025-11-17 10:00:00', NULL);
INSERT INTO `today_foods` VALUES (384, 35, 1911, 28, '2025-11-18', 1, 0, '2025-11-18 10:00:00', '2025-11-18 10:00:00', NULL);
INSERT INTO `today_foods` VALUES (385, 2, 1855, 12, '2025-11-18', 1, 0, '2025-11-18 10:00:00', '2025-11-18 10:00:00', NULL);
INSERT INTO `today_foods` VALUES (386, 22, 782, 16, '2025-11-18', 1, 0, '2025-11-18 10:00:00', '2025-11-18 10:00:00', NULL);
INSERT INTO `today_foods` VALUES (387, 20, 1692, 16, '2025-11-18', 1, 0, '2025-11-18 10:00:00', '2025-11-18 10:00:00', NULL);
INSERT INTO `today_foods` VALUES (388, 9, 826, 30, '2025-11-18', 1, 0, '2025-11-18 10:00:00', '2025-11-18 10:00:00', NULL);
INSERT INTO `today_foods` VALUES (389, 6, 1162, 21, '2025-11-18', 1, 0, '2025-11-18 10:00:00', '2025-11-18 10:00:00', NULL);
INSERT INTO `today_foods` VALUES (390, 15, 1666, 11, '2025-11-18', 1, 0, '2025-11-18 10:00:00', '2025-11-18 10:00:00', NULL);
INSERT INTO `today_foods` VALUES (391, 2, 1533, 26, '2025-11-18', 1, 0, '2025-11-18 10:00:00', '2025-11-18 10:00:00', NULL);
INSERT INTO `today_foods` VALUES (392, 13, 986, 28, '2025-11-18', 1, 0, '2025-11-18 10:00:00', '2025-11-18 10:00:00', NULL);
INSERT INTO `today_foods` VALUES (393, 39, 632, 24, '2025-11-18', 1, 0, '2025-11-18 10:00:00', '2025-11-18 10:00:00', NULL);
INSERT INTO `today_foods` VALUES (394, 18, 1347, 24, '2025-11-18', 1, 0, '2025-11-18 10:00:00', '2025-11-18 10:00:00', NULL);
INSERT INTO `today_foods` VALUES (395, 6, 1484, 17, '2025-11-18', 1, 0, '2025-11-18 10:00:00', '2025-11-18 10:00:00', NULL);
INSERT INTO `today_foods` VALUES (396, 39, 1383, 21, '2025-11-18', 1, 0, '2025-11-18 10:00:00', '2025-11-18 10:00:00', NULL);
INSERT INTO `today_foods` VALUES (397, 11, 1437, 23, '2025-11-18', 1, 0, '2025-11-18 10:00:00', '2025-11-18 10:00:00', NULL);
INSERT INTO `today_foods` VALUES (398, 37, 1468, 16, '2025-11-18', 1, 0, '2025-11-18 10:00:00', '2025-11-18 10:00:00', NULL);
INSERT INTO `today_foods` VALUES (399, 35, 1467, 24, '2025-11-18', 1, 0, '2025-11-18 10:00:00', '2025-11-18 10:00:00', NULL);
INSERT INTO `today_foods` VALUES (400, 39, 561, 16, '2025-11-18', 1, 0, '2025-11-18 10:00:00', '2025-11-18 10:00:00', NULL);
INSERT INTO `today_foods` VALUES (401, 25, 1791, 21, '2025-11-18', 1, 0, '2025-11-18 10:00:00', '2025-11-18 10:00:00', NULL);
INSERT INTO `today_foods` VALUES (402, 38, 956, 29, '2025-11-18', 1, 0, '2025-11-18 10:00:00', '2025-11-18 10:00:00', NULL);
INSERT INTO `today_foods` VALUES (403, 14, 1200, 28, '2025-11-18', 1, 0, '2025-11-18 10:00:00', '2025-11-18 10:00:00', NULL);
INSERT INTO `today_foods` VALUES (404, 33, 1739, 19, '2025-11-18', 1, 0, '2025-11-18 10:00:00', '2025-11-18 10:00:00', NULL);
INSERT INTO `today_foods` VALUES (405, 6, 832, 20, '2025-11-18', 1, 0, '2025-11-18 10:00:00', '2025-11-18 10:00:00', NULL);
INSERT INTO `today_foods` VALUES (406, 1, 1212, 28, '2025-11-18', 1, 0, '2025-11-18 10:00:00', '2025-11-18 10:00:00', NULL);
INSERT INTO `today_foods` VALUES (407, 25, 1247, 25, '2025-11-18', 1, 0, '2025-11-18 10:00:00', '2025-11-18 10:00:00', NULL);
INSERT INTO `today_foods` VALUES (408, 36, 894, 17, '2025-11-18', 1, 0, '2025-11-18 10:00:00', '2025-11-18 10:00:00', NULL);
INSERT INTO `today_foods` VALUES (409, 15, 1176, 27, '2025-11-18', 1, 0, '2025-11-18 10:00:00', '2025-11-18 10:00:00', NULL);
INSERT INTO `today_foods` VALUES (410, 16, 1202, 12, '2025-11-18', 1, 0, '2025-11-18 10:00:00', '2025-11-18 10:00:00', NULL);
INSERT INTO `today_foods` VALUES (411, 36, 707, 23, '2025-11-18', 1, 0, '2025-11-18 10:00:00', '2025-11-18 10:00:00', NULL);
INSERT INTO `today_foods` VALUES (412, 12, 1967, 11, '2025-11-18', 1, 0, '2025-11-18 10:00:00', '2025-11-18 10:00:00', NULL);
INSERT INTO `today_foods` VALUES (413, 19, 882, 12, '2025-11-19', 1, 0, '2025-11-19 10:00:00', '2025-11-19 10:00:00', NULL);
INSERT INTO `today_foods` VALUES (414, 11, 1496, 10, '2025-11-19', 1, 0, '2025-11-19 10:00:00', '2025-11-19 10:00:00', NULL);
INSERT INTO `today_foods` VALUES (415, 19, 1523, 17, '2025-11-19', 1, 0, '2025-11-19 10:00:00', '2025-11-19 10:00:00', NULL);
INSERT INTO `today_foods` VALUES (416, 10, 539, 10, '2025-11-19', 1, 0, '2025-11-19 10:00:00', '2025-11-19 10:00:00', NULL);
INSERT INTO `today_foods` VALUES (417, 40, 1186, 19, '2025-11-19', 1, 0, '2025-11-19 10:00:00', '2025-11-19 10:00:00', NULL);
INSERT INTO `today_foods` VALUES (418, 10, 931, 10, '2025-11-19', 1, 0, '2025-11-19 10:00:00', '2025-11-19 10:00:00', NULL);
INSERT INTO `today_foods` VALUES (419, 4, 327, 12, '2025-11-19', 1, 0, '2025-11-19 10:00:00', '2025-11-19 10:00:00', NULL);
INSERT INTO `today_foods` VALUES (420, 32, 682, 29, '2025-11-19', 1, 0, '2025-11-19 10:00:00', '2025-11-19 10:00:00', NULL);
INSERT INTO `today_foods` VALUES (421, 40, 1588, 24, '2025-11-19', 1, 0, '2025-11-19 10:00:00', '2025-11-19 10:00:00', NULL);
INSERT INTO `today_foods` VALUES (422, 2, 725, 24, '2025-11-19', 1, 0, '2025-11-19 10:00:00', '2025-11-19 10:00:00', NULL);
INSERT INTO `today_foods` VALUES (423, 16, 560, 12, '2025-11-19', 1, 0, '2025-11-19 10:00:00', '2025-11-19 10:00:00', NULL);
INSERT INTO `today_foods` VALUES (424, 14, 1288, 29, '2025-11-19', 1, 0, '2025-11-19 10:00:00', '2025-11-19 10:00:00', NULL);
INSERT INTO `today_foods` VALUES (425, 16, 1503, 16, '2025-11-19', 1, 0, '2025-11-19 10:00:00', '2025-11-19 10:00:00', NULL);
INSERT INTO `today_foods` VALUES (426, 23, 1657, 12, '2025-11-19', 1, 0, '2025-11-19 10:00:00', '2025-11-19 10:00:00', NULL);
INSERT INTO `today_foods` VALUES (427, 39, 721, 11, '2025-11-19', 1, 0, '2025-11-19 10:00:00', '2025-11-19 10:00:00', NULL);
INSERT INTO `today_foods` VALUES (428, 22, 1397, 19, '2025-11-19', 1, 0, '2025-11-19 10:00:00', '2025-11-19 10:00:00', NULL);
INSERT INTO `today_foods` VALUES (429, 4, 1249, 26, '2025-11-19', 1, 0, '2025-11-19 10:00:00', '2025-11-19 10:00:00', NULL);
INSERT INTO `today_foods` VALUES (430, 15, 836, 28, '2025-11-19', 1, 0, '2025-11-19 10:00:00', '2025-11-19 10:00:00', NULL);
INSERT INTO `today_foods` VALUES (431, 5, 318, 20, '2025-11-19', 1, 0, '2025-11-19 10:00:00', '2025-11-19 10:00:00', NULL);
INSERT INTO `today_foods` VALUES (432, 22, 652, 21, '2025-11-19', 1, 0, '2025-11-19 10:00:00', '2025-11-19 10:00:00', NULL);
INSERT INTO `today_foods` VALUES (433, 1, 692, 29, '2025-11-19', 1, 0, '2025-11-19 10:00:00', '2025-11-19 10:00:00', NULL);
INSERT INTO `today_foods` VALUES (434, 29, 778, 17, '2025-11-19', 1, 0, '2025-11-19 10:00:00', '2025-11-19 10:00:00', NULL);
INSERT INTO `today_foods` VALUES (435, 3, 1839, 28, '2025-11-19', 1, 0, '2025-11-19 10:00:00', '2025-11-19 10:00:00', NULL);
INSERT INTO `today_foods` VALUES (436, 6, 1346, 29, '2025-11-19', 1, 0, '2025-11-19 10:00:00', '2025-11-19 10:00:00', NULL);
INSERT INTO `today_foods` VALUES (437, 31, 615, 17, '2025-11-19', 1, 0, '2025-11-19 10:00:00', '2025-11-19 10:00:00', NULL);
INSERT INTO `today_foods` VALUES (438, 7, 1165, 13, '2025-11-19', 1, 0, '2025-11-19 10:00:00', '2025-11-19 10:00:00', NULL);
INSERT INTO `today_foods` VALUES (439, 23, 1489, 25, '2025-11-19', 1, 0, '2025-11-19 10:00:00', '2025-11-19 10:00:00', NULL);
INSERT INTO `today_foods` VALUES (440, 10, 891, 10, '2025-11-19', 1, 0, '2025-11-19 10:00:00', '2025-11-19 10:00:00', NULL);
INSERT INTO `today_foods` VALUES (441, 13, 890, 20, '2025-11-19', 1, 0, '2025-11-19 10:00:00', '2025-11-19 10:00:00', NULL);
INSERT INTO `today_foods` VALUES (442, 15, 1448, 13, '2025-11-19', 1, 0, '2025-11-19 10:00:00', '2025-11-19 10:00:00', NULL);
INSERT INTO `today_foods` VALUES (443, 2, 1794, 24, '2025-11-19', 1, 0, '2025-11-19 10:00:00', '2025-11-19 10:00:00', NULL);
INSERT INTO `today_foods` VALUES (444, 4, 998, 23, '2025-11-19', 1, 0, '2025-11-19 10:00:00', '2025-11-19 10:00:00', NULL);
INSERT INTO `today_foods` VALUES (445, 33, 967, 13, '2025-11-19', 1, 0, '2025-11-19 10:00:00', '2025-11-19 10:00:00', NULL);
INSERT INTO `today_foods` VALUES (446, 27, 955, 14, '2025-11-19', 1, 0, '2025-11-19 10:00:00', '2025-11-19 10:00:00', NULL);
INSERT INTO `today_foods` VALUES (447, 34, 846, 22, '2025-11-19', 1, 0, '2025-11-19 10:00:00', '2025-11-19 10:00:00', NULL);
INSERT INTO `today_foods` VALUES (448, 3, 698, 25, '2025-11-20', 1, 0, '2025-11-20 10:00:00', '2025-11-20 10:00:00', NULL);
INSERT INTO `today_foods` VALUES (449, 17, 1365, 30, '2025-11-20', 1, 0, '2025-11-20 10:00:00', '2025-11-20 10:00:00', NULL);
INSERT INTO `today_foods` VALUES (450, 39, 1522, 11, '2025-11-20', 1, 0, '2025-11-20 10:00:00', '2025-11-20 10:00:00', NULL);
INSERT INTO `today_foods` VALUES (451, 33, 1402, 19, '2025-11-20', 1, 0, '2025-11-20 10:00:00', '2025-11-20 10:00:00', NULL);
INSERT INTO `today_foods` VALUES (452, 10, 1059, 20, '2025-11-20', 1, 0, '2025-11-20 10:00:00', '2025-11-20 10:00:00', NULL);
INSERT INTO `today_foods` VALUES (453, 25, 1056, 25, '2025-11-20', 1, 0, '2025-11-20 10:00:00', '2025-11-20 10:00:00', NULL);
INSERT INTO `today_foods` VALUES (454, 13, 1078, 19, '2025-11-20', 1, 0, '2025-11-20 10:00:00', '2025-11-20 10:00:00', NULL);
INSERT INTO `today_foods` VALUES (455, 27, 662, 26, '2025-11-20', 1, 0, '2025-11-20 10:00:00', '2025-11-20 10:00:00', NULL);
INSERT INTO `today_foods` VALUES (456, 7, 1970, 16, '2025-11-20', 1, 0, '2025-11-20 10:00:00', '2025-11-20 10:00:00', NULL);
INSERT INTO `today_foods` VALUES (457, 19, 1911, 10, '2025-11-20', 1, 0, '2025-11-20 10:00:00', '2025-11-20 10:00:00', NULL);
INSERT INTO `today_foods` VALUES (458, 9, 959, 14, '2025-11-20', 1, 0, '2025-11-20 10:00:00', '2025-11-20 10:00:00', NULL);
INSERT INTO `today_foods` VALUES (459, 34, 1870, 28, '2025-11-20', 1, 0, '2025-11-20 10:00:00', '2025-11-20 10:00:00', NULL);
INSERT INTO `today_foods` VALUES (460, 26, 627, 16, '2025-11-20', 1, 0, '2025-11-20 10:00:00', '2025-11-20 10:00:00', NULL);
INSERT INTO `today_foods` VALUES (461, 35, 1047, 20, '2025-11-20', 1, 0, '2025-11-20 10:00:00', '2025-11-20 10:00:00', NULL);
INSERT INTO `today_foods` VALUES (462, 2, 1632, 19, '2025-11-20', 1, 0, '2025-11-20 10:00:00', '2025-11-20 10:00:00', NULL);
INSERT INTO `today_foods` VALUES (463, 24, 1232, 10, '2025-11-20', 1, 0, '2025-11-20 10:00:00', '2025-11-20 10:00:00', NULL);
INSERT INTO `today_foods` VALUES (464, 6, 804, 26, '2025-11-20', 1, 0, '2025-11-20 10:00:00', '2025-11-20 10:00:00', NULL);
INSERT INTO `today_foods` VALUES (465, 29, 1528, 21, '2025-11-20', 1, 0, '2025-11-20 10:00:00', '2025-11-20 10:00:00', NULL);
INSERT INTO `today_foods` VALUES (466, 16, 1814, 26, '2025-11-20', 1, 0, '2025-11-20 10:00:00', '2025-11-20 10:00:00', NULL);
INSERT INTO `today_foods` VALUES (467, 29, 1272, 21, '2025-11-20', 1, 0, '2025-11-20 10:00:00', '2025-11-20 10:00:00', NULL);
INSERT INTO `today_foods` VALUES (468, 36, 1498, 14, '2025-11-20', 1, 0, '2025-11-20 10:00:00', '2025-11-20 10:00:00', NULL);
INSERT INTO `today_foods` VALUES (469, 20, 607, 14, '2025-11-20', 1, 0, '2025-11-20 10:00:00', '2025-11-20 10:00:00', NULL);
INSERT INTO `today_foods` VALUES (470, 15, 846, 12, '2025-11-20', 1, 0, '2025-11-20 10:00:00', '2025-11-20 10:00:00', NULL);
INSERT INTO `today_foods` VALUES (471, 30, 615, 25, '2025-11-20', 1, 0, '2025-11-20 10:00:00', '2025-11-20 10:00:00', NULL);
INSERT INTO `today_foods` VALUES (472, 20, 1557, 29, '2025-11-20', 1, 0, '2025-11-20 10:00:00', '2025-11-20 10:00:00', NULL);
INSERT INTO `today_foods` VALUES (473, 16, 1875, 20, '2025-11-20', 1, 0, '2025-11-20 10:00:00', '2025-11-20 10:00:00', NULL);
INSERT INTO `today_foods` VALUES (474, 30, 672, 11, '2025-11-20', 1, 0, '2025-11-20 10:00:00', '2025-11-20 10:00:00', NULL);
INSERT INTO `today_foods` VALUES (475, 30, 979, 11, '2025-11-20', 1, 0, '2025-11-20 10:00:00', '2025-11-20 10:00:00', NULL);
INSERT INTO `today_foods` VALUES (476, 9, 1426, 19, '2025-11-20', 1, 0, '2025-11-20 10:00:00', '2025-11-20 10:00:00', NULL);
INSERT INTO `today_foods` VALUES (477, 24, 421, 17, '2025-11-20', 1, 0, '2025-11-20 10:00:00', '2025-11-20 10:00:00', NULL);
INSERT INTO `today_foods` VALUES (478, 31, 1559, 26, '2025-11-20', 1, 0, '2025-11-20 10:00:00', '2025-11-20 10:00:00', NULL);
INSERT INTO `today_foods` VALUES (479, 24, 346, 14, '2025-11-20', 1, 0, '2025-11-20 10:00:00', '2025-11-20 10:00:00', NULL);
INSERT INTO `today_foods` VALUES (480, 21, 776, 24, '2025-11-20', 1, 0, '2025-11-20 10:00:00', '2025-11-20 10:00:00', NULL);
INSERT INTO `today_foods` VALUES (481, 28, 475, 17, '2025-11-20', 1, 0, '2025-11-20 10:00:00', '2025-11-20 10:00:00', NULL);
INSERT INTO `today_foods` VALUES (482, 7, 993, 12, '2025-11-20', 1, 0, '2025-11-20 10:00:00', '2025-11-20 10:00:00', NULL);
INSERT INTO `today_foods` VALUES (483, 16, 1158, 27, '2025-11-20', 1, 0, '2025-11-20 10:00:00', '2025-11-20 10:00:00', NULL);
INSERT INTO `today_foods` VALUES (484, 33, 1650, 19, '2025-11-20', 1, 0, '2025-11-20 10:00:00', '2025-11-20 10:00:00', NULL);
INSERT INTO `today_foods` VALUES (485, 17, 746, 11, '2025-11-20', 1, 0, '2025-11-20 10:00:00', '2025-11-20 10:00:00', NULL);
INSERT INTO `today_foods` VALUES (486, 30, 1893, 15, '2025-11-20', 1, 0, '2025-11-20 10:00:00', '2025-11-20 10:00:00', NULL);
INSERT INTO `today_foods` VALUES (487, 20, 1106, 10, '2025-11-21', 1, 0, '2025-11-21 10:00:00', '2025-11-21 10:00:00', NULL);
INSERT INTO `today_foods` VALUES (488, 31, 1724, 12, '2025-11-21', 1, 0, '2025-11-21 10:00:00', '2025-11-21 10:00:00', NULL);
INSERT INTO `today_foods` VALUES (489, 29, 1411, 30, '2025-11-21', 1, 0, '2025-11-21 10:00:00', '2025-11-21 10:00:00', NULL);
INSERT INTO `today_foods` VALUES (490, 18, 1634, 22, '2025-11-21', 1, 0, '2025-11-21 10:00:00', '2025-11-21 10:00:00', NULL);
INSERT INTO `today_foods` VALUES (491, 29, 1059, 22, '2025-11-21', 1, 0, '2025-11-21 10:00:00', '2025-11-21 10:00:00', NULL);
INSERT INTO `today_foods` VALUES (492, 8, 850, 28, '2025-11-21', 1, 0, '2025-11-21 10:00:00', '2025-11-21 10:00:00', NULL);
INSERT INTO `today_foods` VALUES (493, 23, 723, 29, '2025-11-21', 1, 0, '2025-11-21 10:00:00', '2025-11-21 10:00:00', NULL);
INSERT INTO `today_foods` VALUES (494, 2, 1930, 22, '2025-11-21', 1, 0, '2025-11-21 10:00:00', '2025-11-21 10:00:00', NULL);
INSERT INTO `today_foods` VALUES (495, 27, 513, 22, '2025-11-21', 1, 0, '2025-11-21 10:00:00', '2025-11-21 10:00:00', NULL);
INSERT INTO `today_foods` VALUES (496, 30, 815, 29, '2025-11-21', 1, 0, '2025-11-21 10:00:00', '2025-11-21 10:00:00', NULL);
INSERT INTO `today_foods` VALUES (497, 6, 798, 30, '2025-11-21', 1, 0, '2025-11-21 10:00:00', '2025-11-21 10:00:00', NULL);
INSERT INTO `today_foods` VALUES (498, 8, 555, 27, '2025-11-21', 1, 0, '2025-11-21 10:00:00', '2025-11-21 10:00:00', NULL);
INSERT INTO `today_foods` VALUES (499, 32, 1458, 21, '2025-11-21', 1, 0, '2025-11-21 10:00:00', '2025-11-21 10:00:00', NULL);
INSERT INTO `today_foods` VALUES (500, 39, 1058, 30, '2025-11-21', 1, 0, '2025-11-21 10:00:00', '2025-11-21 10:00:00', NULL);
INSERT INTO `today_foods` VALUES (501, 9, 330, 22, '2025-11-21', 1, 0, '2025-11-21 10:00:00', '2025-11-21 10:00:00', NULL);
INSERT INTO `today_foods` VALUES (502, 13, 499, 21, '2025-11-21', 1, 0, '2025-11-21 10:00:00', '2025-11-21 10:00:00', NULL);
INSERT INTO `today_foods` VALUES (503, 2, 657, 20, '2025-11-21', 1, 0, '2025-11-21 10:00:00', '2025-11-21 10:00:00', NULL);
INSERT INTO `today_foods` VALUES (504, 12, 1106, 30, '2025-11-21', 1, 0, '2025-11-21 10:00:00', '2025-11-21 10:00:00', NULL);
INSERT INTO `today_foods` VALUES (505, 36, 980, 12, '2025-11-21', 1, 0, '2025-11-21 10:00:00', '2025-11-21 10:00:00', NULL);
INSERT INTO `today_foods` VALUES (506, 12, 512, 19, '2025-11-21', 1, 0, '2025-11-21 10:00:00', '2025-11-21 10:00:00', NULL);
INSERT INTO `today_foods` VALUES (507, 26, 1768, 24, '2025-11-21', 1, 0, '2025-11-21 10:00:00', '2025-11-21 10:00:00', NULL);
INSERT INTO `today_foods` VALUES (508, 14, 879, 14, '2025-11-21', 1, 0, '2025-11-21 10:00:00', '2025-11-21 10:00:00', NULL);
INSERT INTO `today_foods` VALUES (509, 22, 1292, 19, '2025-11-21', 1, 0, '2025-11-21 10:00:00', '2025-11-21 10:00:00', NULL);
INSERT INTO `today_foods` VALUES (510, 32, 1768, 14, '2025-11-21', 1, 0, '2025-11-21 10:00:00', '2025-11-21 10:00:00', NULL);
INSERT INTO `today_foods` VALUES (511, 7, 1676, 14, '2025-11-21', 1, 0, '2025-11-21 10:00:00', '2025-11-21 10:00:00', NULL);
INSERT INTO `today_foods` VALUES (512, 10, 1584, 21, '2025-11-21', 1, 0, '2025-11-21 10:00:00', '2025-11-21 10:00:00', NULL);
INSERT INTO `today_foods` VALUES (513, 8, 1034, 24, '2025-11-21', 1, 0, '2025-11-21 10:00:00', '2025-11-21 10:00:00', NULL);
INSERT INTO `today_foods` VALUES (514, 28, 1785, 11, '2025-11-21', 1, 0, '2025-11-21 10:00:00', '2025-11-21 10:00:00', NULL);
INSERT INTO `today_foods` VALUES (515, 19, 1628, 14, '2025-11-21', 1, 0, '2025-11-21 10:00:00', '2025-11-21 10:00:00', NULL);
INSERT INTO `today_foods` VALUES (516, 1, 704, 14, '2025-11-22', 1, 0, '2025-11-22 10:00:00', '2025-11-22 10:00:00', NULL);
INSERT INTO `today_foods` VALUES (517, 31, 1924, 29, '2025-11-22', 1, 0, '2025-11-22 10:00:00', '2025-11-22 10:00:00', NULL);
INSERT INTO `today_foods` VALUES (518, 3, 463, 15, '2025-11-22', 1, 0, '2025-11-22 10:00:00', '2025-11-22 10:00:00', NULL);
INSERT INTO `today_foods` VALUES (519, 1, 1812, 23, '2025-11-22', 1, 0, '2025-11-22 10:00:00', '2025-11-22 10:00:00', NULL);
INSERT INTO `today_foods` VALUES (520, 40, 1496, 18, '2025-11-22', 1, 0, '2025-11-22 10:00:00', '2025-11-22 10:00:00', NULL);
INSERT INTO `today_foods` VALUES (521, 39, 379, 27, '2025-11-22', 1, 0, '2025-11-22 10:00:00', '2025-11-22 10:00:00', NULL);
INSERT INTO `today_foods` VALUES (522, 31, 998, 13, '2025-11-22', 1, 0, '2025-11-22 10:00:00', '2025-11-22 10:00:00', NULL);
INSERT INTO `today_foods` VALUES (523, 21, 1300, 23, '2025-11-22', 1, 0, '2025-11-22 10:00:00', '2025-11-22 10:00:00', NULL);
INSERT INTO `today_foods` VALUES (524, 2, 1258, 11, '2025-11-22', 1, 0, '2025-11-22 10:00:00', '2025-11-22 10:00:00', NULL);
INSERT INTO `today_foods` VALUES (525, 37, 640, 19, '2025-11-22', 1, 0, '2025-11-22 10:00:00', '2025-11-22 10:00:00', NULL);
INSERT INTO `today_foods` VALUES (526, 28, 1706, 29, '2025-11-22', 1, 0, '2025-11-22 10:00:00', '2025-11-22 10:00:00', NULL);
INSERT INTO `today_foods` VALUES (527, 34, 1553, 14, '2025-11-22', 1, 0, '2025-11-22 10:00:00', '2025-11-22 10:00:00', NULL);
INSERT INTO `today_foods` VALUES (528, 17, 974, 30, '2025-11-22', 1, 0, '2025-11-22 10:00:00', '2025-11-22 10:00:00', NULL);
INSERT INTO `today_foods` VALUES (529, 30, 1363, 23, '2025-11-22', 1, 0, '2025-11-22 10:00:00', '2025-11-22 10:00:00', NULL);
INSERT INTO `today_foods` VALUES (530, 37, 426, 12, '2025-11-22', 1, 0, '2025-11-22 10:00:00', '2025-11-22 10:00:00', NULL);
INSERT INTO `today_foods` VALUES (531, 6, 968, 17, '2025-11-22', 1, 0, '2025-11-22 10:00:00', '2025-11-22 10:00:00', NULL);
INSERT INTO `today_foods` VALUES (532, 17, 1707, 19, '2025-11-22', 1, 0, '2025-11-22 10:00:00', '2025-11-22 10:00:00', NULL);
INSERT INTO `today_foods` VALUES (533, 35, 383, 23, '2025-11-22', 1, 0, '2025-11-22 10:00:00', '2025-11-22 10:00:00', NULL);
INSERT INTO `today_foods` VALUES (534, 38, 657, 11, '2025-11-22', 1, 0, '2025-11-22 10:00:00', '2025-11-22 10:00:00', NULL);
INSERT INTO `today_foods` VALUES (535, 26, 1151, 22, '2025-11-22', 1, 0, '2025-11-22 10:00:00', '2025-11-22 10:00:00', NULL);
INSERT INTO `today_foods` VALUES (536, 27, 1388, 21, '2025-11-23', 1, 0, '2025-11-23 10:00:00', '2025-11-23 10:00:00', NULL);
INSERT INTO `today_foods` VALUES (537, 39, 1513, 25, '2025-11-23', 1, 0, '2025-11-23 10:00:00', '2025-11-23 10:00:00', NULL);
INSERT INTO `today_foods` VALUES (538, 38, 1620, 19, '2025-11-23', 1, 0, '2025-11-23 10:00:00', '2025-11-23 10:00:00', NULL);
INSERT INTO `today_foods` VALUES (539, 9, 795, 28, '2025-11-23', 1, 0, '2025-11-23 10:00:00', '2025-11-23 10:00:00', NULL);
INSERT INTO `today_foods` VALUES (540, 5, 1676, 20, '2025-11-23', 1, 0, '2025-11-23 10:00:00', '2025-11-23 10:00:00', NULL);
INSERT INTO `today_foods` VALUES (541, 36, 399, 17, '2025-11-23', 1, 0, '2025-11-23 10:00:00', '2025-11-23 10:00:00', NULL);
INSERT INTO `today_foods` VALUES (542, 22, 1500, 13, '2025-11-23', 1, 0, '2025-11-23 10:00:00', '2025-11-23 10:00:00', NULL);
INSERT INTO `today_foods` VALUES (543, 25, 978, 20, '2025-11-23', 1, 0, '2025-11-23 10:00:00', '2025-11-23 10:00:00', NULL);
INSERT INTO `today_foods` VALUES (544, 17, 367, 19, '2025-11-23', 1, 0, '2025-11-23 10:00:00', '2025-11-23 10:00:00', NULL);
INSERT INTO `today_foods` VALUES (545, 22, 387, 16, '2025-11-23', 1, 0, '2025-11-23 10:00:00', '2025-11-23 10:00:00', NULL);
INSERT INTO `today_foods` VALUES (546, 32, 1967, 25, '2025-11-23', 1, 0, '2025-11-23 10:00:00', '2025-11-23 10:00:00', NULL);
INSERT INTO `today_foods` VALUES (547, 14, 1404, 21, '2025-11-23', 1, 0, '2025-11-23 10:00:00', '2025-11-23 10:00:00', NULL);
INSERT INTO `today_foods` VALUES (548, 32, 1450, 24, '2025-11-23', 1, 0, '2025-11-23 10:00:00', '2025-11-23 10:00:00', NULL);
INSERT INTO `today_foods` VALUES (549, 15, 549, 14, '2025-11-23', 1, 0, '2025-11-23 10:00:00', '2025-11-23 10:00:00', NULL);
INSERT INTO `today_foods` VALUES (550, 27, 1935, 25, '2025-11-23', 1, 0, '2025-11-23 10:00:00', '2025-11-23 10:00:00', NULL);
INSERT INTO `today_foods` VALUES (551, 25, 1663, 23, '2025-11-23', 1, 0, '2025-11-23 10:00:00', '2025-11-23 10:00:00', NULL);
INSERT INTO `today_foods` VALUES (552, 29, 830, 10, '2025-11-23', 1, 0, '2025-11-23 10:00:00', '2025-11-23 10:00:00', NULL);
INSERT INTO `today_foods` VALUES (553, 18, 689, 18, '2025-11-23', 1, 0, '2025-11-23 10:00:00', '2025-11-23 10:00:00', NULL);
INSERT INTO `today_foods` VALUES (554, 17, 1527, 23, '2025-11-23', 1, 0, '2025-11-23 10:00:00', '2025-11-23 10:00:00', NULL);
INSERT INTO `today_foods` VALUES (555, 6, 978, 22, '2025-11-23', 1, 0, '2025-11-23 10:00:00', '2025-11-23 10:00:00', NULL);
INSERT INTO `today_foods` VALUES (556, 11, 990, 12, '2025-11-23', 1, 0, '2025-11-23 10:00:00', '2025-11-23 10:00:00', NULL);
INSERT INTO `today_foods` VALUES (557, 21, 1267, 29, '2025-11-23', 1, 0, '2025-11-23 10:00:00', '2025-11-23 10:00:00', NULL);
INSERT INTO `today_foods` VALUES (558, 19, 500, 23, '2025-11-23', 1, 0, '2025-11-23 10:00:00', '2025-11-23 10:00:00', NULL);
INSERT INTO `today_foods` VALUES (559, 39, 713, 12, '2025-11-23', 1, 0, '2025-11-23 10:00:00', '2025-11-23 10:00:00', NULL);
INSERT INTO `today_foods` VALUES (560, 9, 1158, 25, '2025-11-23', 1, 0, '2025-11-23 10:00:00', '2025-11-23 10:00:00', NULL);
INSERT INTO `today_foods` VALUES (561, 9, 1619, 30, '2025-11-23', 1, 0, '2025-11-23 10:00:00', '2025-11-23 10:00:00', NULL);
INSERT INTO `today_foods` VALUES (562, 15, 631, 22, '2025-11-23', 1, 0, '2025-11-23 10:00:00', '2025-11-23 10:00:00', NULL);
INSERT INTO `today_foods` VALUES (563, 33, 1929, 22, '2025-11-23', 1, 0, '2025-11-23 10:00:00', '2025-11-23 10:00:00', NULL);
INSERT INTO `today_foods` VALUES (564, 3, 1529, 16, '2025-11-23', 1, 0, '2025-11-23 10:00:00', '2025-11-23 10:00:00', NULL);
INSERT INTO `today_foods` VALUES (565, 16, 318, 27, '2025-11-23', 1, 0, '2025-11-23 10:00:00', '2025-11-23 10:00:00', NULL);
INSERT INTO `today_foods` VALUES (566, 19, 673, 13, '2025-11-23', 1, 0, '2025-11-23 10:00:00', '2025-11-23 10:00:00', NULL);
INSERT INTO `today_foods` VALUES (567, 11, 1052, 12, '2025-11-24', 1, 0, '2025-11-24 10:00:00', '2025-11-24 10:00:00', NULL);
INSERT INTO `today_foods` VALUES (568, 13, 1645, 28, '2025-11-24', 1, 0, '2025-11-24 10:00:00', '2025-11-24 10:00:00', NULL);
INSERT INTO `today_foods` VALUES (569, 10, 1679, 13, '2025-11-24', 1, 0, '2025-11-24 10:00:00', '2025-11-24 10:00:00', NULL);
INSERT INTO `today_foods` VALUES (570, 16, 677, 27, '2025-11-24', 1, 0, '2025-11-24 10:00:00', '2025-11-24 10:00:00', NULL);
INSERT INTO `today_foods` VALUES (571, 37, 1326, 13, '2025-11-24', 1, 0, '2025-11-24 10:00:00', '2025-11-24 10:00:00', NULL);
INSERT INTO `today_foods` VALUES (572, 38, 1823, 18, '2025-11-24', 1, 0, '2025-11-24 10:00:00', '2025-11-24 10:00:00', NULL);
INSERT INTO `today_foods` VALUES (573, 23, 1306, 19, '2025-11-24', 1, 0, '2025-11-24 10:00:00', '2025-11-24 10:00:00', NULL);
INSERT INTO `today_foods` VALUES (574, 14, 932, 16, '2025-11-24', 1, 0, '2025-11-24 10:00:00', '2025-11-24 10:00:00', NULL);
INSERT INTO `today_foods` VALUES (575, 38, 1661, 26, '2025-11-24', 1, 0, '2025-11-24 10:00:00', '2025-11-24 10:00:00', NULL);
INSERT INTO `today_foods` VALUES (576, 22, 1181, 24, '2025-11-24', 1, 0, '2025-11-24 10:00:00', '2025-11-24 10:00:00', NULL);
INSERT INTO `today_foods` VALUES (577, 3, 1156, 20, '2025-11-24', 1, 0, '2025-11-24 10:00:00', '2025-11-24 10:00:00', NULL);
INSERT INTO `today_foods` VALUES (578, 39, 1516, 15, '2025-11-24', 1, 0, '2025-11-24 10:00:00', '2025-11-24 10:00:00', NULL);
INSERT INTO `today_foods` VALUES (579, 20, 304, 22, '2025-11-24', 1, 0, '2025-11-24 10:00:00', '2025-11-24 10:00:00', NULL);
INSERT INTO `today_foods` VALUES (580, 15, 967, 20, '2025-11-24', 1, 0, '2025-11-24 10:00:00', '2025-11-24 10:00:00', NULL);
INSERT INTO `today_foods` VALUES (581, 24, 1945, 26, '2025-11-24', 1, 0, '2025-11-24 10:00:00', '2025-11-24 10:00:00', NULL);
INSERT INTO `today_foods` VALUES (582, 26, 739, 17, '2025-11-24', 1, 0, '2025-11-24 10:00:00', '2025-11-24 10:00:00', NULL);
INSERT INTO `today_foods` VALUES (583, 34, 1934, 30, '2025-11-24', 1, 0, '2025-11-24 10:00:00', '2025-11-24 10:00:00', NULL);
INSERT INTO `today_foods` VALUES (584, 3, 1617, 21, '2025-11-24', 1, 0, '2025-11-24 10:00:00', '2025-11-24 10:00:00', NULL);
INSERT INTO `today_foods` VALUES (585, 28, 1740, 27, '2025-11-24', 1, 0, '2025-11-24 10:00:00', '2025-11-24 10:00:00', NULL);
INSERT INTO `today_foods` VALUES (586, 23, 608, 13, '2025-11-24', 1, 0, '2025-11-24 10:00:00', '2025-11-24 10:00:00', NULL);
INSERT INTO `today_foods` VALUES (587, 36, 335, 13, '2025-11-24', 1, 0, '2025-11-24 10:00:00', '2025-11-24 10:00:00', NULL);
INSERT INTO `today_foods` VALUES (588, 38, 546, 27, '2025-11-24', 1, 0, '2025-11-24 10:00:00', '2025-11-24 10:00:00', NULL);
INSERT INTO `today_foods` VALUES (589, 32, 1953, 12, '2025-11-24', 1, 0, '2025-11-24 10:00:00', '2025-11-24 10:00:00', NULL);
INSERT INTO `today_foods` VALUES (590, 11, 1924, 24, '2025-11-24', 1, 0, '2025-11-24 10:00:00', '2025-11-24 10:00:00', NULL);
INSERT INTO `today_foods` VALUES (591, 33, 1909, 29, '2025-11-24', 1, 0, '2025-11-24 10:00:00', '2025-11-24 10:00:00', NULL);
INSERT INTO `today_foods` VALUES (592, 10, 1958, 15, '2025-11-24', 1, 0, '2025-11-24 10:00:00', '2025-11-24 10:00:00', NULL);
INSERT INTO `today_foods` VALUES (593, 20, 1119, 16, '2025-11-24', 1, 0, '2025-11-24 10:00:00', '2025-11-24 10:00:00', NULL);
INSERT INTO `today_foods` VALUES (594, 39, 715, 12, '2025-11-24', 1, 0, '2025-11-24 10:00:00', '2025-11-24 10:00:00', NULL);
INSERT INTO `today_foods` VALUES (595, 17, 1845, 21, '2025-11-24', 1, 0, '2025-11-24 10:00:00', '2025-11-24 10:00:00', NULL);
INSERT INTO `today_foods` VALUES (596, 33, 993, 29, '2025-11-24', 1, 0, '2025-11-24 10:00:00', '2025-11-24 10:00:00', NULL);
INSERT INTO `today_foods` VALUES (597, 31, 327, 27, '2025-11-24', 1, 0, '2025-11-24 10:00:00', '2025-11-24 10:00:00', NULL);
INSERT INTO `today_foods` VALUES (598, 11, 1243, 15, '2025-11-24', 1, 0, '2025-11-24 10:00:00', '2025-11-24 10:00:00', NULL);
INSERT INTO `today_foods` VALUES (599, 30, 770, 13, '2025-11-24', 1, 0, '2025-11-24 10:00:00', '2025-11-24 10:00:00', NULL);
INSERT INTO `today_foods` VALUES (600, 17, 1496, 20, '2025-11-24', 1, 0, '2025-11-24 10:00:00', '2025-11-24 10:00:00', NULL);
INSERT INTO `today_foods` VALUES (601, 20, 1248, 30, '2025-11-24', 1, 0, '2025-11-24 10:00:00', '2025-11-24 10:00:00', NULL);
INSERT INTO `today_foods` VALUES (602, 1, 1221, 14, '2025-11-24', 1, 0, '2025-11-24 10:00:00', '2025-11-24 10:00:00', NULL);
INSERT INTO `today_foods` VALUES (603, 21, 1463, 18, '2025-11-25', 1, 0, '2025-11-25 10:00:00', '2025-11-25 10:00:00', NULL);
INSERT INTO `today_foods` VALUES (604, 14, 1501, 29, '2025-11-25', 1, 0, '2025-11-25 10:00:00', '2025-11-25 10:00:00', NULL);
INSERT INTO `today_foods` VALUES (605, 34, 856, 21, '2025-11-25', 1, 0, '2025-11-25 10:00:00', '2025-11-25 10:00:00', NULL);
INSERT INTO `today_foods` VALUES (606, 25, 1168, 26, '2025-11-25', 1, 0, '2025-11-25 10:00:00', '2025-11-25 10:00:00', NULL);
INSERT INTO `today_foods` VALUES (607, 38, 1218, 14, '2025-11-25', 1, 0, '2025-11-25 10:00:00', '2025-11-25 10:00:00', NULL);
INSERT INTO `today_foods` VALUES (608, 27, 1816, 10, '2025-11-25', 1, 0, '2025-11-25 10:00:00', '2025-11-25 10:00:00', NULL);
INSERT INTO `today_foods` VALUES (609, 8, 574, 20, '2025-11-25', 1, 0, '2025-11-25 10:00:00', '2025-11-25 10:00:00', NULL);
INSERT INTO `today_foods` VALUES (610, 6, 900, 17, '2025-11-25', 1, 0, '2025-11-25 10:00:00', '2025-11-25 10:00:00', NULL);
INSERT INTO `today_foods` VALUES (611, 2, 1541, 24, '2025-11-25', 1, 0, '2025-11-25 10:00:00', '2025-11-25 10:00:00', NULL);
INSERT INTO `today_foods` VALUES (612, 24, 887, 14, '2025-11-25', 1, 0, '2025-11-25 10:00:00', '2025-11-25 10:00:00', NULL);
INSERT INTO `today_foods` VALUES (613, 24, 1687, 30, '2025-11-25', 1, 0, '2025-11-25 10:00:00', '2025-11-25 10:00:00', NULL);
INSERT INTO `today_foods` VALUES (614, 18, 435, 30, '2025-11-25', 1, 0, '2025-11-25 10:00:00', '2025-11-25 10:00:00', NULL);
INSERT INTO `today_foods` VALUES (615, 28, 903, 24, '2025-11-25', 1, 0, '2025-11-25 10:00:00', '2025-11-25 10:00:00', NULL);
INSERT INTO `today_foods` VALUES (616, 9, 696, 16, '2025-11-25', 1, 0, '2025-11-25 10:00:00', '2025-11-25 10:00:00', NULL);
INSERT INTO `today_foods` VALUES (617, 22, 302, 19, '2025-11-25', 1, 0, '2025-11-25 10:00:00', '2025-11-25 10:00:00', NULL);
INSERT INTO `today_foods` VALUES (618, 30, 516, 27, '2025-11-25', 1, 0, '2025-11-25 10:00:00', '2025-11-25 10:00:00', NULL);
INSERT INTO `today_foods` VALUES (619, 24, 1815, 23, '2025-11-25', 1, 0, '2025-11-25 10:00:00', '2025-11-25 10:00:00', NULL);
INSERT INTO `today_foods` VALUES (620, 13, 613, 10, '2025-11-25', 1, 0, '2025-11-25 10:00:00', '2025-11-25 10:00:00', NULL);
INSERT INTO `today_foods` VALUES (621, 32, 1826, 20, '2025-11-25', 1, 0, '2025-11-25 10:00:00', '2025-11-25 10:00:00', NULL);
INSERT INTO `today_foods` VALUES (622, 34, 1803, 10, '2025-11-25', 1, 0, '2025-11-25 10:00:00', '2025-11-25 10:00:00', NULL);
INSERT INTO `today_foods` VALUES (623, 31, 504, 11, '2025-11-25', 1, 0, '2025-11-25 10:00:00', '2025-11-25 10:00:00', NULL);
INSERT INTO `today_foods` VALUES (624, 16, 708, 30, '2025-11-25', 1, 0, '2025-11-25 10:00:00', '2025-11-25 10:00:00', NULL);
INSERT INTO `today_foods` VALUES (625, 29, 590, 11, '2025-11-25', 1, 0, '2025-11-25 10:00:00', '2025-11-25 10:00:00', NULL);
INSERT INTO `today_foods` VALUES (626, 15, 1266, 19, '2025-11-26', 1, 0, '2025-11-26 10:00:00', '2025-11-26 10:00:00', NULL);
INSERT INTO `today_foods` VALUES (627, 20, 1079, 26, '2025-11-26', 1, 0, '2025-11-26 10:00:00', '2025-11-26 10:00:00', NULL);
INSERT INTO `today_foods` VALUES (628, 18, 1914, 21, '2025-11-26', 1, 0, '2025-11-26 10:00:00', '2025-11-26 10:00:00', NULL);
INSERT INTO `today_foods` VALUES (629, 31, 747, 21, '2025-11-26', 1, 0, '2025-11-26 10:00:00', '2025-11-26 10:00:00', NULL);
INSERT INTO `today_foods` VALUES (630, 25, 785, 18, '2025-11-26', 1, 0, '2025-11-26 10:00:00', '2025-11-26 10:00:00', NULL);
INSERT INTO `today_foods` VALUES (631, 18, 1457, 11, '2025-11-26', 1, 0, '2025-11-26 10:00:00', '2025-11-26 10:00:00', NULL);
INSERT INTO `today_foods` VALUES (632, 18, 1250, 20, '2025-11-26', 1, 0, '2025-11-26 10:00:00', '2025-11-26 10:00:00', NULL);
INSERT INTO `today_foods` VALUES (633, 26, 388, 19, '2025-11-26', 1, 0, '2025-11-26 10:00:00', '2025-11-26 10:00:00', NULL);
INSERT INTO `today_foods` VALUES (634, 11, 1049, 15, '2025-11-26', 1, 0, '2025-11-26 10:00:00', '2025-11-26 10:00:00', NULL);
INSERT INTO `today_foods` VALUES (635, 32, 998, 12, '2025-11-26', 1, 0, '2025-11-26 10:00:00', '2025-11-26 10:00:00', NULL);
INSERT INTO `today_foods` VALUES (636, 32, 520, 30, '2025-11-26', 1, 0, '2025-11-26 10:00:00', '2025-11-26 10:00:00', NULL);
INSERT INTO `today_foods` VALUES (637, 6, 1966, 11, '2025-11-26', 1, 0, '2025-11-26 10:00:00', '2025-11-26 10:00:00', NULL);
INSERT INTO `today_foods` VALUES (638, 17, 438, 18, '2025-11-26', 1, 0, '2025-11-26 10:00:00', '2025-11-26 10:00:00', NULL);
INSERT INTO `today_foods` VALUES (639, 7, 1012, 28, '2025-11-26', 1, 0, '2025-11-26 10:00:00', '2025-11-26 10:00:00', NULL);
INSERT INTO `today_foods` VALUES (640, 30, 453, 14, '2025-11-26', 1, 0, '2025-11-26 10:00:00', '2025-11-26 10:00:00', NULL);
INSERT INTO `today_foods` VALUES (641, 30, 1286, 20, '2025-11-26', 1, 0, '2025-11-26 10:00:00', '2025-11-26 10:00:00', NULL);
INSERT INTO `today_foods` VALUES (642, 19, 1788, 14, '2025-11-26', 1, 0, '2025-11-26 10:00:00', '2025-11-26 10:00:00', NULL);
INSERT INTO `today_foods` VALUES (643, 31, 564, 10, '2025-11-26', 1, 0, '2025-11-26 10:00:00', '2025-11-26 10:00:00', NULL);
INSERT INTO `today_foods` VALUES (644, 11, 1070, 23, '2025-11-26', 1, 0, '2025-11-26 10:00:00', '2025-11-26 10:00:00', NULL);
INSERT INTO `today_foods` VALUES (645, 24, 1197, 24, '2025-11-26', 1, 0, '2025-11-26 10:00:00', '2025-11-26 10:00:00', NULL);
INSERT INTO `today_foods` VALUES (646, 3, 409, 23, '2025-11-26', 1, 0, '2025-11-26 10:00:00', '2025-11-26 10:00:00', NULL);
INSERT INTO `today_foods` VALUES (647, 19, 1212, 23, '2025-11-26', 1, 0, '2025-11-26 10:00:00', '2025-11-26 10:00:00', NULL);
INSERT INTO `today_foods` VALUES (648, 20, 1295, 29, '2025-11-26', 1, 0, '2025-11-26 10:00:00', '2025-11-26 10:00:00', NULL);
INSERT INTO `today_foods` VALUES (649, 33, 320, 22, '2025-11-26', 1, 0, '2025-11-26 10:00:00', '2025-11-26 10:00:00', NULL);
INSERT INTO `today_foods` VALUES (650, 5, 1025, 10, '2025-11-26', 1, 0, '2025-11-26 10:00:00', '2025-11-26 10:00:00', NULL);
INSERT INTO `today_foods` VALUES (651, 19, 1281, 13, '2025-11-26', 1, 0, '2025-11-26 10:00:00', '2025-11-26 10:00:00', NULL);
INSERT INTO `today_foods` VALUES (652, 9, 1335, 23, '2025-11-26', 1, 0, '2025-11-26 10:00:00', '2025-11-26 10:00:00', NULL);
INSERT INTO `today_foods` VALUES (653, 26, 1375, 14, '2025-11-26', 1, 0, '2025-11-26 10:00:00', '2025-11-26 10:00:00', NULL);
INSERT INTO `today_foods` VALUES (654, 19, 584, 19, '2025-11-26', 1, 0, '2025-11-26 10:00:00', '2025-11-26 10:00:00', NULL);
INSERT INTO `today_foods` VALUES (655, 9, 1433, 20, '2025-11-26', 1, 0, '2025-11-26 10:00:00', '2025-11-26 10:00:00', NULL);
INSERT INTO `today_foods` VALUES (656, 33, 391, 20, '2025-11-26', 1, 0, '2025-11-26 10:00:00', '2025-11-26 10:00:00', NULL);
INSERT INTO `today_foods` VALUES (657, 4, 841, 20, '2025-11-26', 1, 0, '2025-11-26 10:00:00', '2025-11-26 10:00:00', NULL);
INSERT INTO `today_foods` VALUES (658, 1, 402, 18, '2025-11-26', 1, 0, '2025-11-26 10:00:00', '2025-11-26 10:00:00', NULL);
INSERT INTO `today_foods` VALUES (659, 35, 1545, 19, '2025-11-26', 1, 0, '2025-11-26 10:00:00', '2025-11-26 10:00:00', NULL);
INSERT INTO `today_foods` VALUES (660, 15, 850, 24, '2025-11-26', 1, 0, '2025-11-26 10:00:00', '2025-11-26 10:00:00', NULL);
INSERT INTO `today_foods` VALUES (661, 5, 391, 11, '2025-11-26', 1, 0, '2025-11-26 10:00:00', '2025-11-26 10:00:00', NULL);
INSERT INTO `today_foods` VALUES (662, 31, 1583, 24, '2025-11-26', 1, 0, '2025-11-26 10:00:00', '2025-11-26 10:00:00', NULL);
INSERT INTO `today_foods` VALUES (663, 37, 504, 27, '2025-11-26', 1, 0, '2025-11-26 10:00:00', '2025-11-26 10:00:00', NULL);
INSERT INTO `today_foods` VALUES (664, 2, 1026, 14, '2025-11-27', 1, 0, '2025-11-27 10:00:00', '2025-11-27 10:00:00', NULL);
INSERT INTO `today_foods` VALUES (665, 7, 1193, 19, '2025-11-27', 1, 0, '2025-11-27 10:00:00', '2025-11-27 10:00:00', NULL);
INSERT INTO `today_foods` VALUES (666, 30, 649, 22, '2025-11-27', 1, 0, '2025-11-27 10:00:00', '2025-11-27 10:00:00', NULL);
INSERT INTO `today_foods` VALUES (667, 27, 505, 27, '2025-11-27', 1, 0, '2025-11-27 10:00:00', '2025-11-27 10:00:00', NULL);
INSERT INTO `today_foods` VALUES (668, 29, 1186, 26, '2025-11-27', 1, 0, '2025-11-27 10:00:00', '2025-11-27 10:00:00', NULL);
INSERT INTO `today_foods` VALUES (669, 32, 1639, 30, '2025-11-27', 1, 0, '2025-11-27 10:00:00', '2025-11-27 10:00:00', NULL);
INSERT INTO `today_foods` VALUES (670, 14, 1579, 20, '2025-11-27', 1, 0, '2025-11-27 10:00:00', '2025-11-27 10:00:00', NULL);
INSERT INTO `today_foods` VALUES (671, 22, 912, 19, '2025-11-27', 1, 0, '2025-11-27 10:00:00', '2025-11-27 10:00:00', NULL);
INSERT INTO `today_foods` VALUES (672, 32, 1165, 28, '2025-11-27', 1, 0, '2025-11-27 10:00:00', '2025-11-27 10:00:00', NULL);
INSERT INTO `today_foods` VALUES (673, 7, 1760, 12, '2025-11-27', 1, 0, '2025-11-27 10:00:00', '2025-11-27 10:00:00', NULL);
INSERT INTO `today_foods` VALUES (674, 3, 1899, 16, '2025-11-27', 1, 0, '2025-11-27 10:00:00', '2025-11-27 10:00:00', NULL);
INSERT INTO `today_foods` VALUES (675, 12, 970, 18, '2025-11-27', 1, 0, '2025-11-27 10:00:00', '2025-11-27 10:00:00', NULL);
INSERT INTO `today_foods` VALUES (676, 18, 942, 10, '2025-11-27', 1, 0, '2025-11-27 10:00:00', '2025-11-27 10:00:00', NULL);
INSERT INTO `today_foods` VALUES (677, 25, 942, 24, '2025-11-27', 1, 0, '2025-11-27 10:00:00', '2025-11-27 10:00:00', NULL);
INSERT INTO `today_foods` VALUES (678, 28, 1234, 11, '2025-11-27', 1, 0, '2025-11-27 10:00:00', '2025-11-27 10:00:00', NULL);
INSERT INTO `today_foods` VALUES (679, 34, 1891, 18, '2025-11-27', 1, 0, '2025-11-27 10:00:00', '2025-11-27 10:00:00', NULL);
INSERT INTO `today_foods` VALUES (680, 9, 1930, 21, '2025-11-27', 1, 0, '2025-11-27 10:00:00', '2025-11-27 10:00:00', NULL);
INSERT INTO `today_foods` VALUES (681, 15, 612, 15, '2025-11-27', 1, 0, '2025-11-27 10:00:00', '2025-11-27 10:00:00', NULL);
INSERT INTO `today_foods` VALUES (682, 35, 1762, 13, '2025-11-27', 1, 0, '2025-11-27 10:00:00', '2025-11-27 10:00:00', NULL);
INSERT INTO `today_foods` VALUES (683, 18, 941, 19, '2025-11-27', 1, 0, '2025-11-27 10:00:00', '2025-11-27 10:00:00', NULL);
INSERT INTO `today_foods` VALUES (684, 20, 1016, 16, '2025-11-27', 1, 0, '2025-11-27 10:00:00', '2025-11-27 10:00:00', NULL);
INSERT INTO `today_foods` VALUES (685, 11, 795, 21, '2025-11-27', 1, 0, '2025-11-27 10:00:00', '2025-11-27 10:00:00', NULL);
INSERT INTO `today_foods` VALUES (686, 19, 1963, 24, '2025-11-27', 1, 0, '2025-11-27 10:00:00', '2025-11-27 10:00:00', NULL);
INSERT INTO `today_foods` VALUES (687, 28, 394, 14, '2025-11-28', 1, 0, '2025-11-28 10:00:00', '2025-11-28 10:00:00', NULL);
INSERT INTO `today_foods` VALUES (688, 36, 1263, 26, '2025-11-28', 1, 0, '2025-11-28 10:00:00', '2025-11-28 10:00:00', NULL);
INSERT INTO `today_foods` VALUES (689, 29, 713, 17, '2025-11-28', 1, 0, '2025-11-28 10:00:00', '2025-11-28 10:00:00', NULL);
INSERT INTO `today_foods` VALUES (690, 12, 1431, 28, '2025-11-28', 1, 0, '2025-11-28 10:00:00', '2025-11-28 10:00:00', NULL);
INSERT INTO `today_foods` VALUES (691, 27, 1660, 24, '2025-11-28', 1, 0, '2025-11-28 10:00:00', '2025-11-28 10:00:00', NULL);
INSERT INTO `today_foods` VALUES (692, 13, 968, 13, '2025-11-28', 1, 0, '2025-11-28 10:00:00', '2025-11-28 10:00:00', NULL);
INSERT INTO `today_foods` VALUES (693, 1, 1510, 27, '2025-11-28', 1, 0, '2025-11-28 10:00:00', '2025-11-28 10:00:00', NULL);
INSERT INTO `today_foods` VALUES (694, 15, 303, 28, '2025-11-28', 1, 0, '2025-11-28 10:00:00', '2025-11-28 10:00:00', NULL);
INSERT INTO `today_foods` VALUES (695, 5, 553, 16, '2025-11-28', 1, 0, '2025-11-28 10:00:00', '2025-11-28 10:00:00', NULL);
INSERT INTO `today_foods` VALUES (696, 35, 889, 19, '2025-11-28', 1, 0, '2025-11-28 10:00:00', '2025-11-28 10:00:00', NULL);
INSERT INTO `today_foods` VALUES (697, 31, 1685, 12, '2025-11-28', 1, 0, '2025-11-28 10:00:00', '2025-11-28 10:00:00', NULL);
INSERT INTO `today_foods` VALUES (698, 40, 1319, 15, '2025-11-28', 1, 0, '2025-11-28 10:00:00', '2025-11-28 10:00:00', NULL);
INSERT INTO `today_foods` VALUES (699, 35, 1656, 26, '2025-11-28', 1, 0, '2025-11-28 10:00:00', '2025-11-28 10:00:00', NULL);
INSERT INTO `today_foods` VALUES (700, 7, 1424, 26, '2025-11-28', 1, 0, '2025-11-28 10:00:00', '2025-11-28 10:00:00', NULL);
INSERT INTO `today_foods` VALUES (701, 11, 1339, 26, '2025-11-28', 1, 0, '2025-11-28 10:00:00', '2025-11-28 10:00:00', NULL);
INSERT INTO `today_foods` VALUES (702, 36, 1508, 15, '2025-11-28', 1, 0, '2025-11-28 10:00:00', '2025-11-28 10:00:00', NULL);
INSERT INTO `today_foods` VALUES (703, 30, 573, 18, '2025-11-28', 1, 0, '2025-11-28 10:00:00', '2025-11-28 10:00:00', NULL);
INSERT INTO `today_foods` VALUES (704, 22, 457, 17, '2025-11-28', 1, 0, '2025-11-28 10:00:00', '2025-11-28 10:00:00', NULL);
INSERT INTO `today_foods` VALUES (705, 36, 545, 13, '2025-11-28', 1, 0, '2025-11-28 10:00:00', '2025-11-28 10:00:00', NULL);
INSERT INTO `today_foods` VALUES (706, 36, 1023, 26, '2025-11-28', 1, 0, '2025-11-28 10:00:00', '2025-11-28 10:00:00', NULL);
INSERT INTO `today_foods` VALUES (707, 17, 1562, 22, '2025-11-29', 1, 0, '2025-11-29 10:00:00', '2025-11-29 10:00:00', NULL);
INSERT INTO `today_foods` VALUES (708, 34, 341, 17, '2025-11-29', 1, 0, '2025-11-29 10:00:00', '2025-11-29 10:00:00', NULL);
INSERT INTO `today_foods` VALUES (709, 32, 1070, 20, '2025-11-29', 1, 0, '2025-11-29 10:00:00', '2025-11-29 10:00:00', NULL);
INSERT INTO `today_foods` VALUES (710, 34, 1536, 19, '2025-11-29', 1, 0, '2025-11-29 10:00:00', '2025-11-29 10:00:00', NULL);
INSERT INTO `today_foods` VALUES (711, 24, 662, 10, '2025-11-29', 1, 0, '2025-11-29 10:00:00', '2025-11-29 10:00:00', NULL);
INSERT INTO `today_foods` VALUES (712, 19, 623, 12, '2025-11-29', 1, 0, '2025-11-29 10:00:00', '2025-11-29 10:00:00', NULL);
INSERT INTO `today_foods` VALUES (713, 33, 1878, 22, '2025-11-29', 1, 0, '2025-11-29 10:00:00', '2025-11-29 10:00:00', NULL);
INSERT INTO `today_foods` VALUES (714, 37, 347, 11, '2025-11-29', 1, 0, '2025-11-29 10:00:00', '2025-11-29 10:00:00', NULL);
INSERT INTO `today_foods` VALUES (715, 1, 1665, 18, '2025-11-29', 1, 0, '2025-11-29 10:00:00', '2025-11-29 10:00:00', NULL);
INSERT INTO `today_foods` VALUES (716, 40, 439, 10, '2025-11-29', 1, 0, '2025-11-29 10:00:00', '2025-11-29 10:00:00', NULL);
INSERT INTO `today_foods` VALUES (717, 17, 1574, 24, '2025-11-29', 1, 0, '2025-11-29 10:00:00', '2025-11-29 10:00:00', NULL);
INSERT INTO `today_foods` VALUES (718, 17, 481, 19, '2025-11-29', 1, 0, '2025-11-29 10:00:00', '2025-11-29 10:00:00', NULL);
INSERT INTO `today_foods` VALUES (719, 35, 1596, 15, '2025-11-29', 1, 0, '2025-11-29 10:00:00', '2025-11-29 10:00:00', NULL);
INSERT INTO `today_foods` VALUES (720, 9, 1950, 26, '2025-11-29', 1, 0, '2025-11-29 10:00:00', '2025-11-29 10:00:00', NULL);
INSERT INTO `today_foods` VALUES (721, 31, 1588, 27, '2025-11-29', 1, 0, '2025-11-29 10:00:00', '2025-11-29 10:00:00', NULL);
INSERT INTO `today_foods` VALUES (722, 11, 1447, 12, '2025-11-29', 1, 0, '2025-11-29 10:00:00', '2025-11-29 10:00:00', NULL);
INSERT INTO `today_foods` VALUES (723, 33, 424, 27, '2025-11-29', 1, 0, '2025-11-29 10:00:00', '2025-11-29 10:00:00', NULL);
INSERT INTO `today_foods` VALUES (724, 7, 392, 17, '2025-11-29', 1, 0, '2025-11-29 10:00:00', '2025-11-29 10:00:00', NULL);
INSERT INTO `today_foods` VALUES (725, 14, 415, 20, '2025-11-29', 1, 0, '2025-11-29 10:00:00', '2025-11-29 10:00:00', NULL);
INSERT INTO `today_foods` VALUES (726, 9, 1821, 28, '2025-11-29', 1, 0, '2025-11-29 10:00:00', '2025-11-29 10:00:00', NULL);
INSERT INTO `today_foods` VALUES (727, 33, 961, 13, '2025-11-29', 1, 0, '2025-11-29 10:00:00', '2025-11-29 10:00:00', NULL);
INSERT INTO `today_foods` VALUES (728, 22, 933, 26, '2025-11-29', 1, 0, '2025-11-29 10:00:00', '2025-11-29 10:00:00', NULL);
INSERT INTO `today_foods` VALUES (729, 7, 1708, 14, '2025-11-29', 1, 0, '2025-11-29 10:00:00', '2025-11-29 10:00:00', NULL);
INSERT INTO `today_foods` VALUES (730, 9, 1731, 10, '2025-11-29', 1, 0, '2025-11-29 10:00:00', '2025-11-29 10:00:00', NULL);
INSERT INTO `today_foods` VALUES (731, 10, 1600, 11, '2025-11-29', 1, 0, '2025-11-29 10:00:00', '2025-11-29 10:00:00', NULL);
INSERT INTO `today_foods` VALUES (732, 4, 1872, 28, '2025-11-30', 1, 0, '2025-11-30 10:00:00', '2025-11-30 10:00:00', NULL);
INSERT INTO `today_foods` VALUES (733, 15, 992, 17, '2025-11-30', 1, 0, '2025-11-30 10:00:00', '2025-11-30 10:00:00', NULL);
INSERT INTO `today_foods` VALUES (734, 28, 606, 12, '2025-11-30', 1, 0, '2025-11-30 10:00:00', '2025-11-30 10:00:00', NULL);
INSERT INTO `today_foods` VALUES (735, 34, 794, 28, '2025-11-30', 1, 0, '2025-11-30 10:00:00', '2025-11-30 10:00:00', NULL);
INSERT INTO `today_foods` VALUES (736, 26, 406, 17, '2025-11-30', 1, 0, '2025-11-30 10:00:00', '2025-11-30 10:00:00', NULL);
INSERT INTO `today_foods` VALUES (737, 12, 608, 15, '2025-11-30', 1, 0, '2025-11-30 10:00:00', '2025-11-30 10:00:00', NULL);
INSERT INTO `today_foods` VALUES (738, 20, 891, 26, '2025-11-30', 1, 0, '2025-11-30 10:00:00', '2025-11-30 10:00:00', NULL);
INSERT INTO `today_foods` VALUES (739, 40, 1093, 17, '2025-11-30', 1, 0, '2025-11-30 10:00:00', '2025-11-30 10:00:00', NULL);
INSERT INTO `today_foods` VALUES (740, 21, 1278, 16, '2025-11-30', 1, 0, '2025-11-30 10:00:00', '2025-11-30 10:00:00', NULL);
INSERT INTO `today_foods` VALUES (741, 7, 1504, 29, '2025-11-30', 1, 0, '2025-11-30 10:00:00', '2025-11-30 10:00:00', NULL);
INSERT INTO `today_foods` VALUES (742, 2, 1987, 19, '2025-11-30', 1, 0, '2025-11-30 10:00:00', '2025-11-30 10:00:00', NULL);
INSERT INTO `today_foods` VALUES (743, 1, 1485, 10, '2025-11-30', 1, 0, '2025-11-30 10:00:00', '2025-11-30 10:00:00', NULL);
INSERT INTO `today_foods` VALUES (744, 4, 1774, 19, '2025-11-30', 1, 0, '2025-11-30 10:00:00', '2025-11-30 10:00:00', NULL);
INSERT INTO `today_foods` VALUES (745, 12, 1151, 12, '2025-11-30', 1, 0, '2025-11-30 10:00:00', '2025-11-30 10:00:00', NULL);
INSERT INTO `today_foods` VALUES (746, 25, 1499, 15, '2025-11-30', 1, 0, '2025-11-30 10:00:00', '2025-11-30 10:00:00', NULL);
INSERT INTO `today_foods` VALUES (747, 25, 935, 11, '2025-11-30', 1, 0, '2025-11-30 10:00:00', '2025-11-30 10:00:00', NULL);
INSERT INTO `today_foods` VALUES (748, 24, 1907, 11, '2025-11-30', 1, 0, '2025-11-30 10:00:00', '2025-11-30 10:00:00', NULL);
INSERT INTO `today_foods` VALUES (749, 38, 1408, 13, '2025-11-30', 1, 0, '2025-11-30 10:00:00', '2025-11-30 10:00:00', NULL);
INSERT INTO `today_foods` VALUES (750, 29, 1722, 20, '2025-11-30', 1, 0, '2025-11-30 10:00:00', '2025-11-30 10:00:00', NULL);
INSERT INTO `today_foods` VALUES (751, 10, 752, 19, '2025-11-30', 1, 0, '2025-11-30 10:00:00', '2025-11-30 10:00:00', NULL);
INSERT INTO `today_foods` VALUES (752, 2, 1175, 10, '2025-11-30', 1, 0, '2025-11-30 10:00:00', '2025-11-30 10:00:00', NULL);
INSERT INTO `today_foods` VALUES (753, 1, 1388, 22, '2025-11-30', 1, 0, '2025-11-30 10:00:00', '2025-11-30 10:00:00', NULL);
INSERT INTO `today_foods` VALUES (754, 37, 1892, 13, '2025-11-30', 1, 0, '2025-11-30 10:00:00', '2025-11-30 10:00:00', NULL);
INSERT INTO `today_foods` VALUES (755, 15, 1425, 28, '2025-11-30', 1, 0, '2025-11-30 10:00:00', '2025-11-30 10:00:00', NULL);
INSERT INTO `today_foods` VALUES (756, 16, 342, 24, '2025-11-30', 1, 0, '2025-11-30 10:00:00', '2025-11-30 10:00:00', NULL);
INSERT INTO `today_foods` VALUES (757, 40, 357, 13, '2025-11-30', 1, 0, '2025-11-30 10:00:00', '2025-11-30 10:00:00', NULL);
INSERT INTO `today_foods` VALUES (758, 9, 532, 18, '2025-11-30', 1, 0, '2025-11-30 10:00:00', '2025-11-30 10:00:00', NULL);
INSERT INTO `today_foods` VALUES (759, 36, 314, 15, '2025-11-30', 1, 0, '2025-11-30 10:00:00', '2025-11-30 10:00:00', NULL);
INSERT INTO `today_foods` VALUES (760, 39, 907, 25, '2025-11-30', 1, 0, '2025-11-30 10:00:00', '2025-11-30 10:00:00', NULL);
INSERT INTO `today_foods` VALUES (761, 6, 1157, 29, '2025-11-30', 1, 0, '2025-11-30 10:00:00', '2025-11-30 10:00:00', NULL);
INSERT INTO `today_foods` VALUES (762, 35, 1866, 10, '2025-11-30', 1, 0, '2025-11-30 10:00:00', '2025-11-30 10:00:00', NULL);
INSERT INTO `today_foods` VALUES (763, 37, 761, 27, '2025-11-30', 1, 0, '2025-11-30 10:00:00', '2025-11-30 10:00:00', NULL);
INSERT INTO `today_foods` VALUES (764, 36, 815, 15, '2025-11-30', 1, 0, '2025-11-30 10:00:00', '2025-11-30 10:00:00', NULL);
INSERT INTO `today_foods` VALUES (765, 33, 1907, 25, '2025-11-30', 1, 0, '2025-11-30 10:00:00', '2025-11-30 10:00:00', NULL);
INSERT INTO `today_foods` VALUES (766, 30, 372, 10, '2025-12-01', 1, 0, '2025-12-01 10:00:00', '2025-12-01 10:00:00', NULL);
INSERT INTO `today_foods` VALUES (767, 35, 438, 17, '2025-12-01', 1, 0, '2025-12-01 10:00:00', '2025-12-01 10:00:00', NULL);
INSERT INTO `today_foods` VALUES (768, 31, 461, 14, '2025-12-01', 1, 0, '2025-12-01 10:00:00', '2025-12-01 10:00:00', NULL);
INSERT INTO `today_foods` VALUES (769, 12, 1727, 10, '2025-12-01', 1, 0, '2025-12-01 10:00:00', '2025-12-01 10:00:00', NULL);
INSERT INTO `today_foods` VALUES (770, 19, 402, 21, '2025-12-01', 1, 0, '2025-12-01 10:00:00', '2025-12-01 10:00:00', NULL);
INSERT INTO `today_foods` VALUES (771, 28, 1171, 28, '2025-12-01', 1, 0, '2025-12-01 10:00:00', '2025-12-01 10:00:00', NULL);
INSERT INTO `today_foods` VALUES (772, 29, 1117, 20, '2025-12-01', 1, 0, '2025-12-01 10:00:00', '2025-12-01 10:00:00', NULL);
INSERT INTO `today_foods` VALUES (773, 12, 1125, 20, '2025-12-01', 1, 0, '2025-12-01 10:00:00', '2025-12-01 10:00:00', NULL);
INSERT INTO `today_foods` VALUES (774, 28, 499, 22, '2025-12-01', 1, 0, '2025-12-01 10:00:00', '2025-12-01 10:00:00', NULL);
INSERT INTO `today_foods` VALUES (775, 40, 343, 25, '2025-12-01', 1, 0, '2025-12-01 10:00:00', '2025-12-01 10:00:00', NULL);
INSERT INTO `today_foods` VALUES (776, 20, 1188, 29, '2025-12-01', 1, 0, '2025-12-01 10:00:00', '2025-12-01 10:00:00', NULL);
INSERT INTO `today_foods` VALUES (777, 35, 327, 30, '2025-12-01', 1, 0, '2025-12-01 10:00:00', '2025-12-01 10:00:00', NULL);
INSERT INTO `today_foods` VALUES (778, 31, 1263, 29, '2025-12-01', 1, 0, '2025-12-01 10:00:00', '2025-12-01 10:00:00', NULL);
INSERT INTO `today_foods` VALUES (779, 25, 558, 29, '2025-12-01', 1, 0, '2025-12-01 10:00:00', '2025-12-01 10:00:00', NULL);
INSERT INTO `today_foods` VALUES (780, 27, 1113, 30, '2025-12-01', 1, 0, '2025-12-01 10:00:00', '2025-12-01 10:00:00', NULL);
INSERT INTO `today_foods` VALUES (781, 26, 615, 14, '2025-12-01', 1, 0, '2025-12-01 10:00:00', '2025-12-01 10:00:00', NULL);
INSERT INTO `today_foods` VALUES (782, 40, 1069, 23, '2025-12-01', 1, 0, '2025-12-01 10:00:00', '2025-12-01 10:00:00', NULL);
INSERT INTO `today_foods` VALUES (783, 19, 1574, 11, '2025-12-01', 1, 0, '2025-12-01 10:00:00', '2025-12-01 10:00:00', NULL);
INSERT INTO `today_foods` VALUES (784, 6, 627, 13, '2025-12-01', 1, 0, '2025-12-01 10:00:00', '2025-12-01 10:00:00', NULL);
INSERT INTO `today_foods` VALUES (785, 29, 1099, 23, '2025-12-01', 1, 0, '2025-12-01 10:00:00', '2025-12-01 10:00:00', NULL);
INSERT INTO `today_foods` VALUES (786, 18, 1508, 22, '2025-12-01', 1, 0, '2025-12-01 10:00:00', '2025-12-01 10:00:00', NULL);
INSERT INTO `today_foods` VALUES (787, 35, 712, 16, '2025-12-01', 1, 0, '2025-12-01 10:00:00', '2025-12-01 10:00:00', NULL);
INSERT INTO `today_foods` VALUES (788, 34, 990, 19, '2025-12-01', 1, 0, '2025-12-01 10:00:00', '2025-12-01 10:00:00', NULL);
INSERT INTO `today_foods` VALUES (789, 12, 1906, 13, '2025-12-01', 1, 0, '2025-12-01 10:00:00', '2025-12-01 10:00:00', NULL);
INSERT INTO `today_foods` VALUES (790, 4, 1191, 29, '2025-12-01', 1, 0, '2025-12-01 10:00:00', '2025-12-01 10:00:00', NULL);
INSERT INTO `today_foods` VALUES (791, 4, 398, 11, '2025-12-01', 1, 0, '2025-12-01 10:00:00', '2025-12-01 10:00:00', NULL);
INSERT INTO `today_foods` VALUES (792, 13, 1062, 19, '2025-12-01', 1, 0, '2025-12-01 10:00:00', '2025-12-01 10:00:00', NULL);
INSERT INTO `today_foods` VALUES (793, 14, 1033, 27, '2025-12-01', 1, 0, '2025-12-01 10:00:00', '2025-12-01 10:00:00', NULL);
INSERT INTO `today_foods` VALUES (794, 35, 1563, 25, '2025-12-01', 1, 0, '2025-12-01 10:00:00', '2025-12-01 10:00:00', NULL);
INSERT INTO `today_foods` VALUES (795, 34, 561, 11, '2025-12-01', 1, 0, '2025-12-01 10:00:00', '2025-12-01 10:00:00', NULL);
INSERT INTO `today_foods` VALUES (796, 4, 795, 23, '2025-12-01', 1, 0, '2025-12-01 10:00:00', '2025-12-01 10:00:00', NULL);
INSERT INTO `today_foods` VALUES (797, 35, 1738, 18, '2025-12-02', 1, 0, '2025-12-02 10:00:00', '2025-12-02 10:00:00', NULL);
INSERT INTO `today_foods` VALUES (798, 4, 1021, 25, '2025-12-02', 1, 0, '2025-12-02 10:00:00', '2025-12-02 10:00:00', NULL);
INSERT INTO `today_foods` VALUES (799, 13, 1492, 15, '2025-12-02', 1, 0, '2025-12-02 10:00:00', '2025-12-02 10:00:00', NULL);
INSERT INTO `today_foods` VALUES (800, 22, 1257, 14, '2025-12-02', 1, 0, '2025-12-02 10:00:00', '2025-12-02 10:00:00', NULL);
INSERT INTO `today_foods` VALUES (801, 1, 1912, 20, '2025-12-02', 1, 0, '2025-12-02 10:00:00', '2025-12-02 10:00:00', NULL);
INSERT INTO `today_foods` VALUES (802, 19, 1053, 22, '2025-12-02', 1, 0, '2025-12-02 10:00:00', '2025-12-02 10:00:00', NULL);
INSERT INTO `today_foods` VALUES (803, 5, 464, 22, '2025-12-02', 1, 0, '2025-12-02 10:00:00', '2025-12-02 10:00:00', NULL);
INSERT INTO `today_foods` VALUES (804, 16, 1305, 25, '2025-12-02', 1, 0, '2025-12-02 10:00:00', '2025-12-02 10:00:00', NULL);
INSERT INTO `today_foods` VALUES (805, 40, 684, 27, '2025-12-02', 1, 0, '2025-12-02 10:00:00', '2025-12-02 10:00:00', NULL);
INSERT INTO `today_foods` VALUES (806, 24, 1313, 22, '2025-12-02', 1, 0, '2025-12-02 10:00:00', '2025-12-02 10:00:00', NULL);
INSERT INTO `today_foods` VALUES (807, 16, 426, 21, '2025-12-02', 1, 0, '2025-12-02 10:00:00', '2025-12-02 10:00:00', NULL);
INSERT INTO `today_foods` VALUES (808, 30, 833, 18, '2025-12-02', 1, 0, '2025-12-02 10:00:00', '2025-12-02 10:00:00', NULL);
INSERT INTO `today_foods` VALUES (809, 26, 667, 28, '2025-12-02', 1, 0, '2025-12-02 10:00:00', '2025-12-02 10:00:00', NULL);
INSERT INTO `today_foods` VALUES (810, 39, 1215, 13, '2025-12-02', 1, 0, '2025-12-02 10:00:00', '2025-12-02 10:00:00', NULL);
INSERT INTO `today_foods` VALUES (811, 34, 483, 25, '2025-12-02', 1, 0, '2025-12-02 10:00:00', '2025-12-02 10:00:00', NULL);
INSERT INTO `today_foods` VALUES (812, 19, 1082, 17, '2025-12-02', 1, 0, '2025-12-02 10:00:00', '2025-12-02 10:00:00', NULL);
INSERT INTO `today_foods` VALUES (813, 15, 1022, 30, '2025-12-02', 1, 0, '2025-12-02 10:00:00', '2025-12-02 10:00:00', NULL);
INSERT INTO `today_foods` VALUES (814, 19, 415, 26, '2025-12-02', 1, 0, '2025-12-02 10:00:00', '2025-12-02 10:00:00', NULL);
INSERT INTO `today_foods` VALUES (815, 14, 642, 11, '2025-12-02', 1, 0, '2025-12-02 10:00:00', '2025-12-02 10:00:00', NULL);
INSERT INTO `today_foods` VALUES (816, 34, 1825, 29, '2025-12-02', 1, 0, '2025-12-02 10:00:00', '2025-12-02 10:00:00', NULL);
INSERT INTO `today_foods` VALUES (817, 15, 1982, 10, '2025-12-02', 1, 0, '2025-12-02 10:00:00', '2025-12-02 10:00:00', NULL);
INSERT INTO `today_foods` VALUES (818, 36, 1694, 24, '2025-12-02', 1, 0, '2025-12-02 10:00:00', '2025-12-02 10:00:00', NULL);
INSERT INTO `today_foods` VALUES (819, 2, 1332, 22, '2025-12-02', 1, 0, '2025-12-02 10:00:00', '2025-12-02 10:00:00', NULL);
INSERT INTO `today_foods` VALUES (820, 24, 740, 24, '2025-12-02', 1, 0, '2025-12-02 10:00:00', '2025-12-02 10:00:00', NULL);
INSERT INTO `today_foods` VALUES (821, 22, 1652, 12, '2025-12-02', 1, 0, '2025-12-02 10:00:00', '2025-12-02 10:00:00', NULL);
INSERT INTO `today_foods` VALUES (822, 39, 1641, 18, '2025-12-02', 1, 0, '2025-12-02 10:00:00', '2025-12-02 10:00:00', NULL);
INSERT INTO `today_foods` VALUES (823, 3, 708, 26, '2025-12-02', 1, 0, '2025-12-02 10:00:00', '2025-12-02 10:00:00', NULL);
INSERT INTO `today_foods` VALUES (824, 8, 556, 24, '2025-12-02', 1, 0, '2025-12-02 10:00:00', '2025-12-02 10:00:00', NULL);
INSERT INTO `today_foods` VALUES (825, 24, 1844, 23, '2025-12-02', 1, 0, '2025-12-02 10:00:00', '2025-12-02 10:00:00', NULL);
INSERT INTO `today_foods` VALUES (826, 16, 1266, 19, '2025-12-02', 1, 0, '2025-12-02 10:00:00', '2025-12-02 10:00:00', NULL);
INSERT INTO `today_foods` VALUES (827, 10, 882, 24, '2025-12-02', 1, 0, '2025-12-02 10:00:00', '2025-12-02 10:00:00', NULL);
INSERT INTO `today_foods` VALUES (828, 40, 1447, 19, '2025-12-02', 1, 0, '2025-12-02 10:00:00', '2025-12-02 10:00:00', NULL);
INSERT INTO `today_foods` VALUES (829, 6, 664, 27, '2025-12-02', 1, 0, '2025-12-02 10:00:00', '2025-12-02 10:00:00', NULL);
INSERT INTO `today_foods` VALUES (830, 6, 896, 24, '2025-12-02', 1, 0, '2025-12-02 10:00:00', '2025-12-02 10:00:00', NULL);
INSERT INTO `today_foods` VALUES (831, 17, 1102, 30, '2025-12-02', 1, 0, '2025-12-02 10:00:00', '2025-12-02 10:00:00', NULL);
INSERT INTO `today_foods` VALUES (832, 24, 1091, 13, '2025-12-02', 1, 0, '2025-12-02 10:00:00', '2025-12-02 10:00:00', NULL);
INSERT INTO `today_foods` VALUES (833, 38, 940, 15, '2025-12-02', 1, 0, '2025-12-02 10:00:00', '2025-12-02 10:00:00', NULL);
INSERT INTO `today_foods` VALUES (834, 21, 609, 25, '2025-12-03', 1, 0, '2025-12-03 10:00:00', '2025-12-03 10:00:00', NULL);
INSERT INTO `today_foods` VALUES (835, 40, 385, 23, '2025-12-03', 1, 0, '2025-12-03 10:00:00', '2025-12-03 10:00:00', NULL);
INSERT INTO `today_foods` VALUES (836, 11, 977, 25, '2025-12-03', 1, 0, '2025-12-03 10:00:00', '2025-12-03 10:00:00', NULL);
INSERT INTO `today_foods` VALUES (837, 29, 1409, 21, '2025-12-03', 1, 0, '2025-12-03 10:00:00', '2025-12-03 10:00:00', NULL);
INSERT INTO `today_foods` VALUES (838, 4, 787, 16, '2025-12-03', 1, 0, '2025-12-03 10:00:00', '2025-12-03 10:00:00', NULL);
INSERT INTO `today_foods` VALUES (839, 13, 1903, 28, '2025-12-03', 1, 0, '2025-12-03 10:00:00', '2025-12-03 10:00:00', NULL);
INSERT INTO `today_foods` VALUES (840, 7, 325, 15, '2025-12-03', 1, 0, '2025-12-03 10:00:00', '2025-12-03 10:00:00', NULL);
INSERT INTO `today_foods` VALUES (841, 33, 511, 23, '2025-12-03', 1, 0, '2025-12-03 10:00:00', '2025-12-03 10:00:00', NULL);
INSERT INTO `today_foods` VALUES (842, 34, 1730, 10, '2025-12-03', 1, 0, '2025-12-03 10:00:00', '2025-12-03 10:00:00', NULL);
INSERT INTO `today_foods` VALUES (843, 32, 1901, 27, '2025-12-03', 1, 0, '2025-12-03 10:00:00', '2025-12-03 10:00:00', NULL);
INSERT INTO `today_foods` VALUES (844, 22, 1018, 11, '2025-12-03', 1, 0, '2025-12-03 10:00:00', '2025-12-03 10:00:00', NULL);
INSERT INTO `today_foods` VALUES (845, 26, 1773, 28, '2025-12-03', 1, 0, '2025-12-03 10:00:00', '2025-12-03 10:00:00', NULL);
INSERT INTO `today_foods` VALUES (846, 27, 937, 24, '2025-12-03', 1, 0, '2025-12-03 10:00:00', '2025-12-03 10:00:00', NULL);
INSERT INTO `today_foods` VALUES (847, 27, 963, 30, '2025-12-03', 1, 0, '2025-12-03 10:00:00', '2025-12-03 10:00:00', NULL);
INSERT INTO `today_foods` VALUES (848, 19, 1048, 23, '2025-12-03', 1, 0, '2025-12-03 10:00:00', '2025-12-03 10:00:00', NULL);
INSERT INTO `today_foods` VALUES (849, 24, 951, 16, '2025-12-03', 1, 0, '2025-12-03 10:00:00', '2025-12-03 10:00:00', NULL);
INSERT INTO `today_foods` VALUES (850, 19, 933, 29, '2025-12-03', 1, 0, '2025-12-03 10:00:00', '2025-12-03 10:00:00', NULL);
INSERT INTO `today_foods` VALUES (851, 32, 1905, 11, '2025-12-03', 1, 0, '2025-12-03 10:00:00', '2025-12-03 10:00:00', NULL);
INSERT INTO `today_foods` VALUES (852, 31, 1276, 13, '2025-12-03', 1, 0, '2025-12-03 10:00:00', '2025-12-03 10:00:00', NULL);
INSERT INTO `today_foods` VALUES (853, 17, 457, 19, '2025-12-03', 1, 0, '2025-12-03 10:00:00', '2025-12-03 10:00:00', NULL);
INSERT INTO `today_foods` VALUES (854, 26, 371, 14, '2025-12-03', 1, 0, '2025-12-03 10:00:00', '2025-12-03 10:00:00', NULL);
INSERT INTO `today_foods` VALUES (855, 12, 1496, 13, '2025-12-03', 1, 0, '2025-12-03 10:00:00', '2025-12-03 10:00:00', NULL);
INSERT INTO `today_foods` VALUES (856, 15, 840, 20, '2025-12-04', 1, 0, '2025-12-04 10:00:00', '2025-12-04 10:00:00', NULL);
INSERT INTO `today_foods` VALUES (857, 11, 744, 21, '2025-12-04', 1, 0, '2025-12-04 10:00:00', '2025-12-04 10:00:00', NULL);
INSERT INTO `today_foods` VALUES (858, 39, 1059, 22, '2025-12-04', 1, 0, '2025-12-04 10:00:00', '2025-12-04 10:00:00', NULL);
INSERT INTO `today_foods` VALUES (859, 24, 1630, 17, '2025-12-04', 1, 0, '2025-12-04 10:00:00', '2025-12-04 10:00:00', NULL);
INSERT INTO `today_foods` VALUES (860, 24, 1518, 11, '2025-12-04', 1, 0, '2025-12-04 10:00:00', '2025-12-04 10:00:00', NULL);
INSERT INTO `today_foods` VALUES (861, 24, 1098, 23, '2025-12-04', 1, 0, '2025-12-04 10:00:00', '2025-12-04 10:00:00', NULL);
INSERT INTO `today_foods` VALUES (862, 13, 1096, 23, '2025-12-04', 1, 0, '2025-12-04 10:00:00', '2025-12-04 10:00:00', NULL);
INSERT INTO `today_foods` VALUES (863, 31, 1418, 25, '2025-12-04', 1, 0, '2025-12-04 10:00:00', '2025-12-04 10:00:00', NULL);
INSERT INTO `today_foods` VALUES (864, 5, 971, 18, '2025-12-04', 1, 0, '2025-12-04 10:00:00', '2025-12-04 10:00:00', NULL);
INSERT INTO `today_foods` VALUES (865, 8, 1880, 12, '2025-12-04', 1, 0, '2025-12-04 10:00:00', '2025-12-04 10:00:00', NULL);
INSERT INTO `today_foods` VALUES (866, 5, 357, 10, '2025-12-04', 1, 0, '2025-12-04 10:00:00', '2025-12-04 10:00:00', NULL);
INSERT INTO `today_foods` VALUES (867, 7, 871, 16, '2025-12-04', 1, 0, '2025-12-04 10:00:00', '2025-12-04 10:00:00', NULL);
INSERT INTO `today_foods` VALUES (868, 17, 1050, 17, '2025-12-04', 1, 0, '2025-12-04 10:00:00', '2025-12-04 10:00:00', NULL);
INSERT INTO `today_foods` VALUES (869, 3, 1176, 22, '2025-12-04', 1, 0, '2025-12-04 10:00:00', '2025-12-04 10:00:00', NULL);
INSERT INTO `today_foods` VALUES (870, 39, 883, 28, '2025-12-04', 1, 0, '2025-12-04 10:00:00', '2025-12-04 10:00:00', NULL);
INSERT INTO `today_foods` VALUES (871, 2, 586, 11, '2025-12-04', 1, 0, '2025-12-04 10:00:00', '2025-12-04 10:00:00', NULL);
INSERT INTO `today_foods` VALUES (872, 32, 1572, 28, '2025-12-04', 1, 0, '2025-12-04 10:00:00', '2025-12-04 10:00:00', NULL);
INSERT INTO `today_foods` VALUES (873, 38, 353, 15, '2025-12-04', 1, 0, '2025-12-04 10:00:00', '2025-12-04 10:00:00', NULL);
INSERT INTO `today_foods` VALUES (874, 29, 1235, 30, '2025-12-04', 1, 0, '2025-12-04 10:00:00', '2025-12-04 10:00:00', NULL);
INSERT INTO `today_foods` VALUES (875, 25, 1732, 25, '2025-12-04', 1, 0, '2025-12-04 10:00:00', '2025-12-04 10:00:00', NULL);
INSERT INTO `today_foods` VALUES (876, 29, 1712, 14, '2025-12-04', 1, 0, '2025-12-04 10:00:00', '2025-12-04 10:00:00', NULL);
INSERT INTO `today_foods` VALUES (877, 29, 979, 28, '2025-12-04', 1, 0, '2025-12-04 10:00:00', '2025-12-04 10:00:00', NULL);
INSERT INTO `today_foods` VALUES (878, 34, 524, 10, '2025-12-04', 1, 0, '2025-12-04 10:00:00', '2025-12-04 10:00:00', NULL);
INSERT INTO `today_foods` VALUES (879, 27, 1891, 19, '2025-12-04', 1, 0, '2025-12-04 10:00:00', '2025-12-04 10:00:00', NULL);
INSERT INTO `today_foods` VALUES (880, 5, 1383, 12, '2025-12-04', 1, 0, '2025-12-04 10:00:00', '2025-12-04 10:00:00', NULL);
INSERT INTO `today_foods` VALUES (881, 26, 1179, 13, '2025-12-04', 1, 0, '2025-12-04 10:00:00', '2025-12-04 10:00:00', NULL);
INSERT INTO `today_foods` VALUES (882, 22, 508, 13, '2025-12-04', 1, 0, '2025-12-04 10:00:00', '2025-12-04 10:00:00', NULL);
INSERT INTO `today_foods` VALUES (883, 22, 1039, 21, '2025-12-04', 1, 0, '2025-12-04 10:00:00', '2025-12-04 10:00:00', NULL);
INSERT INTO `today_foods` VALUES (884, 20, 1553, 20, '2025-12-04', 1, 0, '2025-12-04 10:00:00', '2025-12-04 10:00:00', NULL);
INSERT INTO `today_foods` VALUES (885, 6, 537, 16, '2025-12-04', 1, 0, '2025-12-04 10:00:00', '2025-12-04 10:00:00', NULL);
INSERT INTO `today_foods` VALUES (886, 3, 644, 30, '2025-12-04', 1, 0, '2025-12-04 10:00:00', '2025-12-04 10:00:00', NULL);
INSERT INTO `today_foods` VALUES (887, 17, 1670, 30, '2025-12-04', 1, 0, '2025-12-04 10:00:00', '2025-12-04 10:00:00', NULL);
INSERT INTO `today_foods` VALUES (888, 31, 1674, 30, '2025-12-04', 1, 0, '2025-12-04 10:00:00', '2025-12-04 10:00:00', NULL);
INSERT INTO `today_foods` VALUES (889, 29, 478, 29, '2025-12-05', 1, 0, '2025-12-05 10:00:00', '2025-12-05 10:00:00', NULL);
INSERT INTO `today_foods` VALUES (890, 28, 562, 16, '2025-12-05', 1, 0, '2025-12-05 10:00:00', '2025-12-05 10:00:00', NULL);
INSERT INTO `today_foods` VALUES (891, 30, 690, 17, '2025-12-05', 1, 0, '2025-12-05 10:00:00', '2025-12-05 10:00:00', NULL);
INSERT INTO `today_foods` VALUES (892, 36, 1300, 28, '2025-12-05', 1, 0, '2025-12-05 10:00:00', '2025-12-05 10:00:00', NULL);
INSERT INTO `today_foods` VALUES (893, 23, 1520, 29, '2025-12-05', 1, 0, '2025-12-05 10:00:00', '2025-12-05 10:00:00', NULL);
INSERT INTO `today_foods` VALUES (894, 33, 584, 15, '2025-12-05', 1, 0, '2025-12-05 10:00:00', '2025-12-05 10:00:00', NULL);
INSERT INTO `today_foods` VALUES (895, 20, 1408, 26, '2025-12-05', 1, 0, '2025-12-05 10:00:00', '2025-12-05 10:00:00', NULL);
INSERT INTO `today_foods` VALUES (896, 20, 1153, 11, '2025-12-05', 1, 0, '2025-12-05 10:00:00', '2025-12-05 10:00:00', NULL);
INSERT INTO `today_foods` VALUES (897, 35, 1259, 22, '2025-12-05', 1, 0, '2025-12-05 10:00:00', '2025-12-05 10:00:00', NULL);
INSERT INTO `today_foods` VALUES (898, 5, 483, 25, '2025-12-05', 1, 0, '2025-12-05 10:00:00', '2025-12-05 10:00:00', NULL);
INSERT INTO `today_foods` VALUES (899, 7, 1796, 17, '2025-12-05', 1, 0, '2025-12-05 10:00:00', '2025-12-05 10:00:00', NULL);
INSERT INTO `today_foods` VALUES (900, 8, 527, 28, '2025-12-05', 1, 0, '2025-12-05 10:00:00', '2025-12-05 10:00:00', NULL);
INSERT INTO `today_foods` VALUES (901, 4, 1469, 18, '2025-12-05', 1, 0, '2025-12-05 10:00:00', '2025-12-05 10:00:00', NULL);
INSERT INTO `today_foods` VALUES (902, 38, 1292, 16, '2025-12-05', 1, 0, '2025-12-05 10:00:00', '2025-12-05 10:00:00', NULL);
INSERT INTO `today_foods` VALUES (903, 20, 1971, 29, '2025-12-05', 1, 0, '2025-12-05 10:00:00', '2025-12-05 10:00:00', NULL);
INSERT INTO `today_foods` VALUES (904, 6, 1428, 12, '2025-12-05', 1, 0, '2025-12-05 10:00:00', '2025-12-05 10:00:00', NULL);
INSERT INTO `today_foods` VALUES (905, 33, 1098, 14, '2025-12-05', 1, 0, '2025-12-05 10:00:00', '2025-12-05 10:00:00', NULL);
INSERT INTO `today_foods` VALUES (906, 8, 1096, 27, '2025-12-05', 1, 0, '2025-12-05 10:00:00', '2025-12-05 10:00:00', NULL);
INSERT INTO `today_foods` VALUES (907, 5, 761, 12, '2025-12-05', 1, 0, '2025-12-05 10:00:00', '2025-12-05 10:00:00', NULL);
INSERT INTO `today_foods` VALUES (908, 32, 570, 10, '2025-12-05', 1, 0, '2025-12-05 10:00:00', '2025-12-05 10:00:00', NULL);
INSERT INTO `today_foods` VALUES (909, 37, 1010, 20, '2025-12-05', 1, 0, '2025-12-05 10:00:00', '2025-12-05 10:00:00', NULL);
INSERT INTO `today_foods` VALUES (910, 16, 1227, 17, '2025-12-05', 1, 0, '2025-12-05 10:00:00', '2025-12-05 10:00:00', NULL);
INSERT INTO `today_foods` VALUES (911, 7, 1303, 10, '2025-12-05', 1, 0, '2025-12-05 10:00:00', '2025-12-05 10:00:00', NULL);
INSERT INTO `today_foods` VALUES (912, 17, 430, 22, '2025-12-05', 1, 0, '2025-12-05 10:00:00', '2025-12-05 10:00:00', NULL);
INSERT INTO `today_foods` VALUES (913, 15, 524, 13, '2025-12-05', 1, 0, '2025-12-05 10:00:00', '2025-12-05 10:00:00', NULL);
INSERT INTO `today_foods` VALUES (914, 24, 1061, 29, '2025-12-05', 1, 0, '2025-12-05 10:00:00', '2025-12-05 10:00:00', NULL);
INSERT INTO `today_foods` VALUES (915, 1, 1397, 30, '2025-12-05', 1, 0, '2025-12-05 10:00:00', '2025-12-05 10:00:00', NULL);
INSERT INTO `today_foods` VALUES (916, 1, 1603, 23, '2025-12-06', 1, 0, '2025-12-06 10:00:00', '2025-12-06 10:00:00', NULL);
INSERT INTO `today_foods` VALUES (917, 8, 1480, 20, '2025-12-06', 1, 0, '2025-12-06 10:00:00', '2025-12-06 10:00:00', NULL);
INSERT INTO `today_foods` VALUES (918, 7, 1446, 27, '2025-12-06', 1, 0, '2025-12-06 10:00:00', '2025-12-06 10:00:00', NULL);
INSERT INTO `today_foods` VALUES (919, 20, 1290, 23, '2025-12-06', 1, 0, '2025-12-06 10:00:00', '2025-12-06 10:00:00', NULL);
INSERT INTO `today_foods` VALUES (920, 27, 1690, 25, '2025-12-06', 1, 0, '2025-12-06 10:00:00', '2025-12-06 10:00:00', NULL);
INSERT INTO `today_foods` VALUES (921, 34, 315, 24, '2025-12-06', 1, 0, '2025-12-06 10:00:00', '2025-12-06 10:00:00', NULL);
INSERT INTO `today_foods` VALUES (922, 4, 1541, 26, '2025-12-06', 1, 0, '2025-12-06 10:00:00', '2025-12-06 10:00:00', NULL);
INSERT INTO `today_foods` VALUES (923, 18, 1342, 29, '2025-12-06', 1, 0, '2025-12-06 10:00:00', '2025-12-06 10:00:00', NULL);
INSERT INTO `today_foods` VALUES (924, 4, 304, 26, '2025-12-06', 1, 0, '2025-12-06 10:00:00', '2025-12-06 10:00:00', NULL);
INSERT INTO `today_foods` VALUES (925, 40, 728, 18, '2025-12-06', 1, 0, '2025-12-06 10:00:00', '2025-12-06 10:00:00', NULL);
INSERT INTO `today_foods` VALUES (926, 39, 1037, 21, '2025-12-06', 1, 0, '2025-12-06 10:00:00', '2025-12-06 10:00:00', NULL);
INSERT INTO `today_foods` VALUES (927, 14, 1681, 10, '2025-12-06', 1, 0, '2025-12-06 10:00:00', '2025-12-06 10:00:00', NULL);
INSERT INTO `today_foods` VALUES (928, 17, 1748, 17, '2025-12-06', 1, 0, '2025-12-06 10:00:00', '2025-12-06 10:00:00', NULL);
INSERT INTO `today_foods` VALUES (929, 12, 1606, 20, '2025-12-06', 1, 0, '2025-12-06 10:00:00', '2025-12-06 10:00:00', NULL);
INSERT INTO `today_foods` VALUES (930, 18, 1081, 17, '2025-12-06', 1, 0, '2025-12-06 10:00:00', '2025-12-06 10:00:00', NULL);
INSERT INTO `today_foods` VALUES (931, 4, 1673, 30, '2025-12-06', 1, 0, '2025-12-06 10:00:00', '2025-12-06 10:00:00', NULL);
INSERT INTO `today_foods` VALUES (932, 34, 725, 18, '2025-12-06', 1, 0, '2025-12-06 10:00:00', '2025-12-06 10:00:00', NULL);
INSERT INTO `today_foods` VALUES (933, 8, 716, 25, '2025-12-06', 1, 0, '2025-12-06 10:00:00', '2025-12-06 10:00:00', NULL);
INSERT INTO `today_foods` VALUES (934, 34, 779, 21, '2025-12-06', 1, 0, '2025-12-06 10:00:00', '2025-12-06 10:00:00', NULL);
INSERT INTO `today_foods` VALUES (935, 15, 1980, 28, '2025-12-06', 1, 0, '2025-12-06 10:00:00', '2025-12-06 10:00:00', NULL);
INSERT INTO `today_foods` VALUES (936, 22, 474, 12, '2025-12-06', 1, 0, '2025-12-06 10:00:00', '2025-12-06 10:00:00', NULL);
INSERT INTO `today_foods` VALUES (937, 6, 542, 17, '2025-12-06', 1, 0, '2025-12-06 10:00:00', '2025-12-06 10:00:00', NULL);
INSERT INTO `today_foods` VALUES (938, 29, 1881, 0, '2025-12-07', 1, 3, '2025-12-07 10:00:00', '2025-12-07 11:16:50', NULL);
INSERT INTO `today_foods` VALUES (939, 26, 1850, 0, '2025-12-07', 1, 3, '2025-12-07 10:00:00', '2025-12-07 11:16:50', NULL);
INSERT INTO `today_foods` VALUES (940, 1, 1182, 0, '2025-12-07', 1, 3, '2025-12-07 10:00:00', '2025-12-07 11:16:50', NULL);
INSERT INTO `today_foods` VALUES (941, 6, 1630, 0, '2025-12-07', 1, 3, '2025-12-07 10:00:00', '2025-12-07 11:16:50', NULL);
INSERT INTO `today_foods` VALUES (942, 31, 1957, 0, '2025-12-07', 1, 3, '2025-12-07 10:00:00', '2025-12-07 11:16:50', NULL);
INSERT INTO `today_foods` VALUES (943, 40, 436, 0, '2025-12-07', 1, 3, '2025-12-07 10:00:00', '2025-12-07 11:16:50', NULL);
INSERT INTO `today_foods` VALUES (944, 20, 1780, 0, '2025-12-07', 1, 3, '2025-12-07 10:00:00', '2025-12-07 11:16:50', NULL);
INSERT INTO `today_foods` VALUES (945, 39, 536, 0, '2025-12-07', 1, 3, '2025-12-07 10:00:00', '2025-12-07 11:16:50', NULL);
INSERT INTO `today_foods` VALUES (946, 31, 1608, 0, '2025-12-07', 1, 3, '2025-12-07 10:00:00', '2025-12-07 11:16:50', NULL);
INSERT INTO `today_foods` VALUES (947, 22, 473, 0, '2025-12-07', 1, 3, '2025-12-07 10:00:00', '2025-12-07 11:16:50', NULL);
INSERT INTO `today_foods` VALUES (948, 14, 453, 0, '2025-12-07', 1, 3, '2025-12-07 10:00:00', '2025-12-07 11:16:50', NULL);
INSERT INTO `today_foods` VALUES (949, 39, 373, 0, '2025-12-07', 1, 3, '2025-12-07 10:00:00', '2025-12-07 11:16:50', NULL);
INSERT INTO `today_foods` VALUES (950, 24, 1271, 0, '2025-12-07', 1, 3, '2025-12-07 10:00:00', '2025-12-07 11:16:50', NULL);
INSERT INTO `today_foods` VALUES (951, 18, 1861, 0, '2025-12-07', 1, 3, '2025-12-07 10:00:00', '2025-12-07 11:16:50', NULL);
INSERT INTO `today_foods` VALUES (952, 16, 618, 0, '2025-12-07', 1, 3, '2025-12-07 10:00:00', '2025-12-07 11:16:50', NULL);
INSERT INTO `today_foods` VALUES (953, 16, 1545, 0, '2025-12-07', 1, 3, '2025-12-07 10:00:00', '2025-12-07 11:16:50', NULL);
INSERT INTO `today_foods` VALUES (954, 35, 621, 0, '2025-12-07', 1, 3, '2025-12-07 10:00:00', '2025-12-07 11:16:50', NULL);
INSERT INTO `today_foods` VALUES (955, 34, 574, 0, '2025-12-07', 1, 3, '2025-12-07 10:00:00', '2025-12-07 11:16:50', NULL);
INSERT INTO `today_foods` VALUES (956, 19, 1412, 0, '2025-12-07', 1, 3, '2025-12-07 10:00:00', '2025-12-07 11:16:50', NULL);
INSERT INTO `today_foods` VALUES (957, 4, 359, 0, '2025-12-07', 1, 3, '2025-12-07 10:00:00', '2025-12-07 11:16:50', NULL);
INSERT INTO `today_foods` VALUES (958, 8, 1009, 0, '2025-12-07', 1, 3, '2025-12-07 10:00:00', '2025-12-07 11:16:50', NULL);
INSERT INTO `today_foods` VALUES (959, 39, 1890, 0, '2025-12-07', 1, 3, '2025-12-07 10:00:00', '2025-12-07 11:16:50', NULL);
INSERT INTO `today_foods` VALUES (960, 13, 769, 0, '2025-12-07', 1, 3, '2025-12-07 10:00:00', '2025-12-07 11:16:50', NULL);
INSERT INTO `today_foods` VALUES (961, 36, 1945, 0, '2025-12-07', 1, 3, '2025-12-07 10:00:00', '2025-12-07 11:16:50', NULL);
INSERT INTO `today_foods` VALUES (962, 9, 1420, 0, '2025-12-07', 1, 3, '2025-12-07 10:00:00', '2025-12-07 11:16:50', NULL);
INSERT INTO `today_foods` VALUES (963, 37, 1488, 0, '2025-12-07', 1, 3, '2025-12-07 10:00:00', '2025-12-07 11:16:50', NULL);
INSERT INTO `today_foods` VALUES (964, 9, 1400, 0, '2025-12-07', 1, 3, '2025-12-07 10:00:00', '2025-12-07 11:16:50', NULL);
INSERT INTO `today_foods` VALUES (965, 9, 1883, 0, '2025-12-07', 1, 3, '2025-12-07 10:00:00', '2025-12-07 11:16:50', NULL);
INSERT INTO `today_foods` VALUES (966, 31, 1656, 0, '2025-12-07', 1, 3, '2025-12-07 10:00:00', '2025-12-07 11:16:50', NULL);
INSERT INTO `today_foods` VALUES (967, 19, 1389, 0, '2025-12-07', 1, 3, '2025-12-07 10:00:00', '2025-12-07 11:16:50', NULL);

SET FOREIGN_KEY_CHECKS = 1;
